Ids,Sentiment,Sarcasm,Vulgar,Abuse,Target,OCR
image_bodo_87.jpg,Negative,Sarcastic,Vulgar,Abusive,Individual,Bese one mwn ang bikow ctwb buji tara L...dwi begor ah
image_bodo_309.jpg,Negative,Sarcastic,Vulgar,Abusive,Gender,Kokrajhar थंआलि Chirang खान्दा खान्दा गानग्रा Baksa दखना गानग्रा Udalguri लेबेल बारा
image_bodo_18.jpg,Negative,Sarcastic,Vulgar,Abusive,Gender,बर'नि गिबिसिन सोर आयजोआ बेसेबां मायथाइआव बबे हाजोआव हासुदोंमोन ?
image_bodo_140.jpg,Positive,Sarcastic,Non Vulgar,Abusive,None,Bab re one week mwjang mwnlai naiyao nw cover photo dwnna lalaibaobai
image_bodo_200.jpg,Negative,Sarcastic,Vulgar,Abusive,Gender,थैनानै गोदान जोनोम जाबाथाय मोसौ जागोन आं मोसौ नोंसोर लाय
image_bodo_318.jpg,Negative,Sarcastic,Vulgar,Abusive,Gender,दानि जुगाव ऩगीुगल सिख्ला नागिरनाय आरो साल- खुन्थानि रोदा नागिरनाय एखे बाथ्रा
image_bodo_630.jpg,Negative,Sarcastic,Vulgar,Abusive,Gender,Comment Raja ADRE- akhaijwng damgra rwonia exam Swmaoshar Basumatary adre abu rwngywipwrni exam Munn Basu Ultra Pro Max ha ha ha right Mithisar Wary Ultra pro Max Wow
image_bodo_575.jpg,Positive,Sarcastic,Vulgar,Abusive,Gender,सायोबो नामा माथो आआ उ आ होनलायथारो सायोब्ला मानोथो गोदान गोदान नागिरबावो माखासेया
image_bodo_632.jpg,Negative,Sarcastic,Vulgar,Abusive,Gender,Oitachar comment Cereio jMiuucha Uwaneiang Cpaya jaa guar ngan lepw lwpw Doka Gala Rojo jwb baina ? Na Bidinw dabw ? रोनाव फाग्ला Thaso bibar ngkow viral janainipwrwi birat posaigra jabai ang
image_bodo_546.jpg,Negative,Sarcastic,Vulgar,Abusive,Gender,आथसा गोलाव गोलाव नागिरोब्ला लाय माथो गसुंजोंबो आआआ... आइदै साबाय होनो गरायफोर
image_bodo_479.jpg,Positive,Sarcastic,Non Vulgar,Abusive,None,बासआवबा दुगैआखै नोंसोर माखौबा LEVEL देखायगासिनो हनै
image_bodo_189.jpg,Positive,Sarcastic,Non Vulgar,Abusive,None,Engine pwranw lorgo torgo jajwbai dang manc pwr na lwngnanwi
image_bodo_28.jpg,Negative,Sarcastic,Vulgar,Abusive,Gender,saize saize ckla pwra duga jngnw memes shere klm laiya bra kela
image_bodo_625.jpg,Negative,Sarcastic,Vulgar,Abusive,Gender,Rahul Boro Hit nwngya mala busa sa sw
image_bodo_591.jpg,Positive,Sarcastic,Non Vulgar,Abusive,None,दाम गोसानि गारि सामलायनाय महर गोसा हिनजाव सामलायनाय एखे
image_bodo_454.jpg,Positive,Sarcastic,Non Vulgar,Abusive,Gender,2024 आव हौवा खारनाइ JSNUSRY  सिमआव सा 4
image_bodo_338.jpg,Positive,Sarcastic,Non Vulgar,Abusive,Gender,DOLLER PAYMENT HABBA MATW ADWIMWNA WNKAM WNGKRI SONGNANGGWONW
image_bodo_592.jpg,Positive,Sarcastic,Non Vulgar,Abusive,None,"गामिफोराव ओरैबादि मानसि थायो बिसोर मालायनि हानि सिमाखौ नागारनानै जोबोद मोजां मोनो । बिदि मानसिफोरखौ भुटान, बांग्लादेश आरो पाकिस्ताननि सिमायाव लांना न लुना दोनहैब्ला दाहालागै खावसे हायानो भारतनि जागौमोन "
image_bodo_24.jpg,Negative,Sarcastic,Vulgar,Abusive,Gender,सिख्लाफोरनि फान्थाब फुन्थाब द्रेस गान्नाय नुनायावसो गरम जाखो ना बोथोरानो गरमखा जाखोब्रा
image_bodo_337.jpg,Negative,Sarcastic,Vulgar,Abusive,None,नों हिनजावबा बिराद बैथालि जागौमोन
image_bodo_15.jpg,Negative,Sarcastic,Non Vulgar,Abusive,Gender,लामायाव सेंग्राफोर नुब्ला गेसाव खिफिना होलांनाय हुदाखौ गार नोंसोर M आरो P
image_bodo_12.jpg,Negative,Sarcastic,Non Vulgar,Abusive,None,आंनि हिन्जाव आं आंनि बिखुनजो
image_bodo_27.jpg,Negative,Sarcastic,Non Vulgar,Abusive,Gender,Gwsw twnai Gwnangkha nuba like hwnw bayw Lang Kela barakwoba
image_bodo_6.jpg,Negative,Sarcastic,Non Vulgar,Abusive,Gender,"सिख्लाफोरा जेसेबांनोखि समायना, लेखा गोरोंआनो जायाथों मानो जेब्लाबो हौवानि सिङावसो थाखानांगौ"
image_bodo_19.jpg,Negative,Sarcastic,Non Vulgar,Abusive,None,मालायखौ मा बुनो गावनि असे लोगोफोरानो Like होआ माथो
image_bodo_604.jpg,Positive,Sarcastic,Non Vulgar,Abusive,None,jarla lwi comment prabw Thanks All Boibw Naidw Share khalam dw onna Nwi Full video Pwigwn senw Angni Mithinga Vlog Channel aw nw Nugwn Nice Very Nice Nice jwngni boro abo ada mwn somaina pwr ka
image_bodo_626.jpg,Negative,Sarcastic,Vulgar,Abusive,Gender,Bom Lom Bro Ag hala ... Marwi sikwmn rojo lainai.. Mancpra undwi gotopwrni acting kalmna gabnw hayw jatari Kamanipwrni sayao
image_bodo_627.jpg,Negative,Sarcastic,Vulgar,Abusive,Gender,"Sabodan bimamwn aji kalini sikaopra Hinjaopwrni pen gosla kaogragwjasw asorid mwiya mwiya sikao be pen bwraikwo kaona lamgna ma mwnkw , Kolta Gorom Napam Napam buyd mwnamsugwn bra be ckaoya Dali johol songby site yao bekwo lananwi mwnamsuby bedor buynangla "
image_bodo_417.jpg,Positive,Sarcastic,Vulgar,Abusive,None,Gundaya angbw Gundaka ase Teobw ase change jasang raijwpwr
image_bodo_431.jpg,Positive,Sarcastic,Non Vulgar,Abusive,Gender,आं हिनजाव लाला swrba sasekwo ese gwsw hwdw pesa sasesw gwnang pwrkwonw
image_bodo_311.jpg,Negative,Sarcastic,Vulgar,Abusive,Gender,The Art Longthong Modern jug The Artist
image_bodo_21.jpg,Negative,Sarcastic,Vulgar,Abusive,Gender,हाजारखि दामि दामिनि दख'ना गानाथों मानो बैथालिया बैथालिखा
image_bodo_559.jpg,Positive,Sarcastic,Non Vulgar,Abusive,None,साख्रि बोाख्रि गैयाब्ला नेवसिजामारो बै थरला थरला सेंग्राफोरा बोरै फथायना लायो  ?
image_bodo_569.jpg,Positive,Sarcastic,Non Vulgar,Abusive,Gender,बे लंफेन गानग्रा सिख्लाफ्रा लामाफ्राव हासुनो ओंखारबा बोरै हासुयो ना Huggies गानो
image_bodo_501.jpg,Positive,Sarcastic,Non Vulgar,Abusive,Gender,FACEBOOK खुलि जेन्नायनिफ्रायनो दासिम FACEBOOK आव गोसोम सिख्ला नुवाखै आं
image_bodo_8.jpg,Negative,Sarcastic,Non Vulgar,Abusive,Religion,"फिसा आं मिथिगौ नों जोबोर दुखुआव दं अन्नानै बिमा थास' बिबारनि मुङाव Like मोनसे होलां अब्लानो नोंनि गासै सान्नायफोरा जाफुंगोन ""जै आइ थास' बिबारनि"""
image_bodo_39.jpg,Positive,Sarcastic,Non Vulgar,Abusive,Individual,Mohor gwija rwngwi khainw jng pwrkwo raobw naison tarla
image_bodo_379.jpg,Negative,Sarcastic,Vulgar,Abusive,Social Sub-groups,"Pagla pagla man c dongswi , Fanta na fanti jkw , ngswngnaya angna besw de , Nwng Ni Mal kwo Hao Nagwo Hijira sais lagaobai ng bimani cpa mntw panti badi bw nuyw panta badi"
image_bodo_330.jpg,Negative,Sarcastic,Vulgar,Abusive,Gender,Nwng na sipaya gidir ruja jaa. gugum kaa
image_bodo_462.jpg,Positive,Sarcastic,Non Vulgar,Abusive,Gender,5K 12K निफ्राय DIRECT 40 LAKH आव  BTR गुदुंनि दामआ बारा जाबाय
image_bodo_17.jpg,Negative,Sarcastic,Non Vulgar,Abusive,Gender,आंजिखालि हिन्जावफोरा ओरैनो खाराथ' हौवाया गावखौ बेसेबां अनो बेखौ आन्जाद नायनो थाखायसो गुबुन हौवाजों खारथ'यो ।
image_bodo_418.jpg,Positive,Sarcastic,Non Vulgar,Abusive,None,गुसु बोथोरबाबो सिख्लाफोरा गोजांआ सेंग्रा फोरना दांग्रोम बाबो मोनलायै जायो ओमफ्राय
image_bodo_374.jpg,Negative,Sarcastic,Vulgar,Abusive,Gender,Mhry Medika Besitw laya mn dakal ni ngha Pan naia hwoa pwr nw hai Mtw ng cpa bw letra nw hai
image_bodo_315.jpg,Negative,Sarcastic,Vulgar,Abusive,Gender,बैथालाफोरा जानायनि मुं लाफ्लाना हाग्रा बारियाव लांसिगोनलाय
image_bodo_609.jpg,Positive,Sarcastic,Vulgar,Abusive,Gender,"Nwngsina Swimming Twimming Dugwihwiba angna benw Swimming pool Ang mwnse kahani khintani khwnasong Bajwi ..... jwng gami khatini mising (Miri) sikla sase Bibdi Dwimayao dugwibai dongmwn nw ... wmfrai bini mabayao berlao habnanwi doctor nao sw bokho hwijadwng , Mainao Iswary Sun Flower ma nwmpani kahani jakwsi belai"
image_bodo_345.jpg,Negative,Sarcastic,Non Vulgar,Abusive,None,खालाय जुलि
image_bodo_562.jpg,Negative,Sarcastic,Vulgar,Abusive,Gender,Water Milon Ni Takysw cklapwrkwo somaina nuyw
image_bodo_552.jpg,Negative,Sarcastic,Vulgar,Abusive,None,Single फोरनि गोसोखौ दबथायनो हाग्रा नायल - जाल मोनसेल App
image_bodo_399.jpg,Negative,Sarcastic,Non Vulgar,Abusive,Gender,HAJIRA MAONA GF KWO PARK DWIBYHWINA MA MWNKW GARJABA GABLA BYDW WMPRY
image_bodo_444.jpg,Positive,Sarcastic,Non Vulgar,Abusive,Gender,रानथें रान्थें सिख्लाफोरा नआव माबा बिनानै मोनाबा रागा जोंना सान 5 गाहाम ओंखाम जायानो माथो
image_bodo_618.jpg,Negative,Sarcastic,Vulgar,Abusive,Gender,akola ma baide cinima garaya ma baideka gunda bada josh cinima gara josh be logrog undubao lases seg man sonman gwijaywi
image_bodo_324.jpg,Negative,Sarcastic,Vulgar,Abusive,Gender,bty- bin tu Togaidwmg na lwdwi taptananwi twigwn ng X Abu  Lodoi Swbgra sw nama
image_bodo_3.jpg,Negative,Sarcastic,Non Vulgar,Abusive,Gender,सिख्लाफोरनि बयनिसिमबो गोब्राबसिन खामानिया मा 1. Reel बानायनाय 2.दुगैनाय 3. हौवा गोसोथोनाय 4. देलायनाय 5. Mobile नायनाय 6. बेरायनाय
image_bodo_206.jpg,Negative,Sarcastic,Vulgar,Abusive,None,Lwd...i beg...t jng bai dwi ang ngkwo
image_bodo_327.jpg,Negative,Sarcastic,Non Vulgar,Abusive,Gender,गाायनो फुनो गोरों आं जेरावबो आखा फाखा सान्दुं अखा जेखौबो गिया आं मावथि बर सिख्ला
image_bodo_201.jpg,Negative,Sarcastic,Vulgar,Abusive,None,Bigut sala agni ex ni photo kow dabw danakhwi ng
image_bodo_410.jpg,Positive,Sarcastic,Non Vulgar,Abusive,Social Sub-groups,BORGOYARI = LWNGRA POLITICAL NI KWTA RYLYGRA NARZARY = LWNGRA ENGLISH RYLYGRA BASUMATARY = LWNGBA GABGRA BORO= LWNGBATY WNKAM JAYA MUSHAHARY= LWNBATY WNGKAM JAYA
image_bodo_458.jpg,Negative,Sarcastic,Vulgar,Abusive,Gender,Bepwrkwo swr Gotoya janw giya janw Beni Bf ya pura Gaiker buynggwn
image_bodo_334.jpg,Negative,Sarcastic,Non Vulgar,Abusive,Gender,Ebar gaiwna gaiya Gaya jayw penda nynggeo ya cklapwrni
image_bodo_613.jpg,Negative,Sarcastic,Vulgar,Abusive,Gender,Rimi Narzary Rimi Laji rwngwi Gemsri Daimari Official Rimi Narzary Rimi ngsa nwmfa aa jahwfwinai khai ang lajinw nanggwo Bili Bsty yao dabw nuywmn nma Gemsri Daimari official Bili Bsty Nwngsa ngngda aa viral Khamani khwo ? Dabw nwmbajwi gwdan jwng
image_bodo_401.jpg,Positive,Sarcastic,Non Vulgar,Abusive,None,hinjao pra bwkw mwsababw dai jaya HWOYAPRA ESE BWKWBANW DAI
image_bodo_352.jpg,Positive,Sarcastic,Vulgar,Abusive,None,Nwngha ma bwrkw mj ang ma bujaikw congratulations sw hwdwng ma bujaikw ang Nwngha jebw content gwila nma mj pagla koro garjri
image_bodo_402.jpg,Negative,Sarcastic,Vulgar,Abusive,Gender,लंथं जुगा फैफिन्बाय गानजों मोसानाय Reelskwo बिहाव बिखुनजो आ नुसनब्ला मा सानगोन
image_bodo_340.jpg,Negative,Sarcastic,Vulgar,Abusive,Gender,bty- bin tu Togaidwmg na lwdwi taptananwi twigwn ng X Abu
image_bodo_568.jpg,Positive,Sarcastic,Non Vulgar,Abusive,Gender,"उसुंआव हासुग्रा सिख्लाफोरनि मुं गिबि हांखो- P,A,D,F,J,S,K,L,R 1 उसुंनि हा खुरख होग्रा हारिनि सिख्लाफोरनि गिबि हांखो -  H आरो M"
image_bodo_480.jpg,Positive,Sarcastic,Non Vulgar,Abusive,None,सोरबा सोरबा teacher  फोरा नखराव बिसिजों दावराव जाना फैसै खिथेरखौ students  फोरनावसो होखारनोफैसै बिदिजों जागोन संसारआ
image_bodo_426.jpg,Negative,Sarcastic,Vulgar,Abusive,None,DWIDEN NI HINJAO GODAI NAIDO BOIBW HABAYA MALA Namkwo abu labanw tatarw mwnwtw abul
image_bodo_7.jpg,Negative,Sarcastic,Non Vulgar,Abusive,Social Sub-groups,"Bodo - हाबा जानो गिग्रा
Wary - गोसोथोनाय निफ्राय फैसा जाख्ल'ना गारग्रा
Narzary - गुफुर गुफुर गोसोथोनाय नागिरग्रा
Basumatary - फाथै जाबखोनाय बादि गोसोथोनाय लाग्रा
Daimary - लोगोनि गोसोथोनाय खौ खायदा खालामनानै लाग्रा
Muchahary - बिमा बिफा नायग्राखौ लाग्रा
Brahma - माहाजोन माहाजोन गोसोथोनाय नागिरग्रा
Goyary - लोगोफोरनाव Number बिथिं बिथिं गोसोथोग्रा"
image_bodo_611.jpg,Negative,Sarcastic,Vulgar,Abusive,Gender,Sumy Bsty Beni address nangwo angnw swr hinjaw bepari biyw semaya Video labw nangwo Nama agwi mwn bung ?? Nwg lai hor 1 ao bese laihw....10 20k ag jagwn bung
image_bodo_377.jpg,Positive,Sarcastic,Non Vulgar,Abusive,None,RANGINA 40K HWBY ANG
image_bodo_32.jpg,Negative,Sarcastic,Non Vulgar,Abusive,Gender,somaina ckla pra saize gwywi senggra pwr nuba wrwibadi acting klmw jen mwnayao Buhut kwo nw nubai swi arw
image_bodo_16.jpg,Negative,Sarcastic,Vulgar,Abusive,Others,अलसिया खिबा खिना खिथु सुना लानो बाग्रा जुहुनाल' थाग्रा बेबायदि मानसिफोरासो Like होनो बायो
image_bodo_502.jpg,Negative,Sarcastic,Vulgar,Abusive,None,हाग्रा बारिआव ओंखाम ओॆख्रि गेलेलायनायखौबा गिआ अखा खोरोमनायखौ बा थोरथोर गिगोन
image_bodo_412.jpg,Negative,Sarcastic,Vulgar,Abusive,None,फिसाजोखौ मोनाब्ला बिमाखौनो लागोन आंबो
image_bodo_203.jpg,Negative,Sarcastic,Vulgar,Abusive,None,Ma gontha songsar lagwn lwi be badi gorom ao
image_bodo_533.jpg,Positive,Sarcastic,Vulgar,Abusive,Gender,हाबा जायालासे थानाय हिनजावखौ मा बुङो क) आवलुरि ख) उखुनदि ग) आदुंगारि घ) बालद्नि
image_bodo_25.jpg,Negative,Sarcastic,Non Vulgar,Abusive,Gender,सिख्लाफोरनि फान्थाब फुन्थाब द्रेस गान्नाय नुनायावसो गरम जाखो ना बोथोरानो गरमखा जाखोब्रा ।
image_bodo_235.jpg,Negative,Sarcastic,Vulgar,Non-abusive,None,Lamayao jora jora takha Naga Kla Bukla jwbbgn ctwb
image_bodo_257.jpg,Negative,Sarcastic,Vulgar,Non-abusive,Gender,gidir janaini dangja jambi pwr
image_bodo_328.jpg,Negative,Sarcastic,Non Vulgar,Non-abusive,None,Be hwoakwo Swrba sinai baina nubai baiyw ba kitahor de lwgwpwr mansiya Dist. Baksa nolbari gamini name a hala dola buggw gwmbwr narzary hinjao lana karna dg hinjao a pisa sanwi gwngka ! hwoana hinjao a bijwng Satam jasigwn jalai garlaiya
image_bodo_252.jpg,Positive,Sarcastic,Non Vulgar,Non-abusive,None,Good night sona होनहर ग्राबो गैया
image_bodo_31.jpg,Positive,Non-Sarcastic,Non Vulgar,Non-abusive,None,सोरबा गोसो थोयोब्ला गोसो थोगौ आं i love you खनसे बुंहरबा .हामगौ ।
image_bodo_504.jpg,Positive,Sarcastic,Non Vulgar,Non-abusive,None,नोंं फरायबाय थानायखौ मेगन खेबबायलां आं नोंखौसो थैस थांसनि खालामनो सानबाय
image_bodo_616.jpg,Positive,Sarcastic,Non Vulgar,Non-abusive,None,Lwkhi fwibai Be okhaya Madwi Gemsrini mwdwisw
image_bodo_548.jpg,Positive,Non-Sarcastic,Non Vulgar,Non-abusive,None,अबे सासे मोदायखौ फुजिबा GF मोनगोन जाखो आदैमोन
image_bodo_98.jpg,Negative,Sarcastic,Non Vulgar,Non-abusive,None,Khapalao nw gwila nma tai
image_bodo_179.jpg,Positive,Sarcastic,Non Vulgar,Non-abusive,Gender,Gwsw ah maniya Khali binilo Khwta Sanplanggw
image_bodo_283.jpg,Positive,Non-Sarcastic,Non Vulgar,Non-abusive,None,Agni habani Takai Pina dwnkani swi
image_bodo_296.jpg,Positive,Sarcastic,Vulgar,Non-abusive,None,twt ctwb agnwbw sase banai na hwdw lwi single Tabai tanw babai kela
image_bodo_383.jpg,Negative,Sarcastic,Vulgar,Non-abusive,None,सिखाव खावनो फैनायाव जेबो एबा बेसेन गोसा मुवा मोनलाङैनि आइजोखौ खुदुमलांदों । ऩ' सिङाव जेबो रां मुवा बेसाद मोनैलाय सासे 38 बोसोर बैसोनि आइजोखौ खुदुमलाङो
image_bodo_95.jpg,Positive,Sarcastic,Non Vulgar,Non-abusive,None,Oi sirmwn swrba Sa 1 banaina hwdw bra
image_bodo_329.jpg,Positive,Sarcastic,Non Vulgar,Non-abusive,None,सोरनिबा सोरनिबा बाजैमोननि Acting  खौ नायना हारसिं मिनिफ्रांयो आं
image_bodo_408.jpg,Positive,Sarcastic,Non Vulgar,Non-abusive,None,FIRST NIGHT आव गिना खारफालांगोनसोदां आंहा नुफेरथाराखै
image_bodo_567.jpg,Negative,Sarcastic,Vulgar,Non-abusive,Gender,बाथाला TOTO DRIVER आ हाखर हाखरजों सालायनानै जोंनि दुदु मावनायखौ आयनायाव नायबाय थादों
image_bodo_99.jpg,Negative,Sarcastic,Non Vulgar,Non-abusive,None,Duku mwnbailang dinwi
image_bodo_184.jpg,Negative,Sarcastic,Vulgar,Non-abusive,Gender,Crush Gwiya agna Ng Janw nm Jwrwo
image_bodo_185.jpg,Positive,Sarcastic,Non Vulgar,Non-abusive,None,Feeling sad onnai hwbla tai onnai kwonw mwnpina manw?
image_bodo_66.jpg,Positive,Sarcastic,Non Vulgar,Non-abusive,None,I love u lwi Ngkhwo budg laogii
image_bodo_450.jpg,Negative,Sarcastic,Non Vulgar,Non-abusive,Gender,नोंखौ गोसोम होन्ना मिथिखायो आं बोरै एथ गुफुर गुफुर photo upload  होबाय थायो नों ?
image_bodo_271.jpg,Positive,Sarcastic,Non Vulgar,Non-abusive,None,oii Lwgwpwr गाज्रि बासा बुंनो हामा दे
image_bodo_115.jpg,Negative,Sarcastic,Non Vulgar,Non-abusive,None,Raobw kobor lagra gwiya Duku ni Somao
image_bodo_382.jpg,Positive,Sarcastic,Non Vulgar,Non-abusive,Gender,सानबोसे जाखो दुगैयैआ जारौ
image_bodo_93.jpg,Positive,Sarcastic,Non Vulgar,Non-abusive,None,Swrha pwisa mwndwng swrha pwisa gwmadwdg swrba haba jalai dg swrba mwndg madg gwiya angha bidiyao jebw udis gwiya
image_bodo_181.jpg,Positive,Non-Sarcastic,Non Vulgar,Non-abusive,None,Hasthainai nai mani Gaswi kwo bw Mwnjwbnai mwnbla Raokwobw naggla mwn Angnw
image_bodo_608.jpg,Positive,Sarcastic,Non Vulgar,Non-abusive,None,"I am waiting for your call and message prakash , Angkwosw Hwnkwna makw Nambarbw Gwiya nwngkwonw hwndwng be nongalwi pongbai nwnggwo khwmalwi aywi nwng nongalwi sona "
image_bodo_109.jpg,Positive,Sarcastic,Non Vulgar,Non-abusive,None,Sna ngkhou mwngwnna mwnla ag
image_bodo_180.jpg,Positive,Sarcastic,Non Vulgar,Non-abusive,Gender,Bininw Riply Negasinw Natai Dabw gwiya
image_bodo_138.jpg,Positive,Sarcastic,Non Vulgar,Non-abusive,Gender,Please Ng agniprai Gwjanao tato dw mithibai
image_bodo_541.jpg,Positive,Sarcastic,Non Vulgar,Non-abusive,None,ADSRE COMMOND QUESTION 1) 12K बिमं मोन्नाय आइजोनि मुंआ मा ? 2) थास बिबार मोनहा बेसे गोलाव गावलायामोन ?  3)  निग्र हौवा लाना FAMOUS जानाय सिख्लानि मुंआ मा ? 4) BLACK COBRA नि खामानिआ मा ?
image_bodo_159.jpg,Positive,Sarcastic,Non Vulgar,Non-abusive,Gender,He he he I Love u sona ngkwo nw
image_bodo_534.jpg,Positive,Sarcastic,Non Vulgar,Non-abusive,Gender,फुजानि सिगां खानाय गोलाव मोन्नायबा हामगौमोन सोरबा जादो ब्रा दे
image_bodo_492.jpg,Positive,Sarcastic,Vulgar,Non-abusive,None,बेगरआव एलाज्रि जाबाय दां खुरै खुरै गोजा खालामजोबबाय आं मान्नायानो जेरावबो ओंखारनो हाला
image_bodo_432.jpg,Positive,Sarcastic,Non Vulgar,Non-abusive,None,Angni Facebook kwo bny na hetardw dari rojonyni idea hwgwn ag blue tick verify klm na ladw Bhai report hwbabw geoahkwi ba 6mont sw barvai ba ampi original video hwbai tadw oblanw kargwn be ok bro
image_bodo_10.jpg,Positive,Sarcastic,Non Vulgar,Non-abusive,None,नोंथाङा मोनायाव उन्दुनाय समाव माबोरै उन्दुयो
image_bodo_144.jpg,Negative,Sarcastic,Non Vulgar,Non-abusive,None,Twisigwn nwngdaya Nanimwn agwimwn
image_bodo_205.jpg,Positive,Sarcastic,Vulgar,Non-abusive,None,aywi ngkhwo mwnnai mwnba ctwb Jatar bai mwn
image_bodo_256.jpg,Negative,Non-Sarcastic,Non Vulgar,Non-abusive,None,Durga puja ni dress gwdan bainw hanaini kepasiti gwila deglai
image_bodo_89.jpg,Positive,Sarcastic,Non Vulgar,Non-abusive,None,Mabwla lwgw mwngwn ag Angni jiuni sona pibibar kwo
image_bodo_553.jpg,Positive,Sarcastic,Non Vulgar,Non-abusive,None,जावैसो होनजानो मोनगोनखौ आसा गैखाला आं बे जोनोमआव
image_bodo_587.jpg,Positive,Sarcastic,Non Vulgar,Non-abusive,None,PWIGWO JWNWMYAO ESWRA AGKWO OMA BUNDA JWNWM HORTWNG
image_bodo_387.jpg,Positive,Sarcastic,Non Vulgar,Non-abusive,None,गोजां बोथोराव नो ला लायोब्ला हिन्जाव खौ गोजांनायखौनो थाल मोन्नाय नंआ नों सिख्लाफोरनि सोलेर आ अरफोर बायदि गुदुं जाखायो खमबल जोमनांखाया
image_bodo_70.jpg,Negative,Sarcastic,Non Vulgar,Non-abusive,None,Nedwngmwn mwnaswi matw swrnibasw jabai
image_bodo_435.jpg,Positive,Sarcastic,Non Vulgar,Non-abusive,None,मावनो हालिया आं मोन्नायालाय मोनबायमोन HS फास बिराद सुनदरिमोम  DOTMA नि
image_bodo_263.jpg,Positive,Sarcastic,Non Vulgar,Non-abusive,None,agkwo santamsw offline nudgbla Recharge swna lanw hayakwi hwnna sanna la ng
image_bodo_550.jpg,Positive,Sarcastic,Non Vulgar,Non-abusive,None,kobor lananwi tab tab hor Bwrw dabw kobor gwia matw
image_bodo_101.jpg,Negative,Sarcastic,Non Vulgar,Non-abusive,None,Online ta nw bw gwiya
image_bodo_489.jpg,Positive,Non-Sarcastic,Non Vulgar,Non-abusive,None,हाबा जाायालासे थैबा बबे बिफांखौ गायनाय जायो- 1) औवा 2) गय बिफां 3) थालिर बिफां 4) गामबारि बिफां
image_bodo_566.jpg,Positive,Sarcastic,Non Vulgar,Non-abusive,None,आनि Phone  खौ मानो  receive खालामाखै नोंहा गुबुन मोजां मोन्नाय दंबावो नामा ?
image_bodo_208.jpg,Negative,Non-Sarcastic,Vulgar,Non-abusive,None,बार बादिसो ctb मोजां मोनलाय नाय फोराबो दसेनो हुं हुं फैनानै बुखार लांजोब जानाय
image_bodo_554.jpg,Positive,Sarcastic,Non Vulgar,Non-abusive,None,साख्रि आवला फोरा बिखुनजोनाव थांबा मालाय बाखनायजासै ओमफ्राय जों बेखार आ खम ल लासिं बिखुनजोनाव थांबाबो
image_bodo_433.jpg,Positive,Sarcastic,Non Vulgar,Non-abusive,None,Finally BMW Khou Dinwisw Bainw Habai lanwswi Alto bw lanwswi
image_bodo_483.jpg,Positive,Sarcastic,Non Vulgar,Non-abusive,None,बाबाया बिहामजोआ एसे समायनाखौ लां नंआबा आंहा ओंखाम खहाबनाय नंआ जालायबावो फिसाज्ला ओरै रावजोंबो फसायजाया साख्रि गैयैनि
image_bodo_107.jpg,Negative,Sarcastic,Non Vulgar,Non-abusive,Gender,Laogii Ah bw Juli jahwibai Malai Aghalai Swrkwo Mwnbao Naggwo Dana
image_bodo_505.jpg,Positive,Sarcastic,Non Vulgar,Non-abusive,None,सिख्लालाफोरा बोराय बोरायखौ ला सेंग्राफोरा गथ गोनांखाखौ ला
image_bodo_153.jpg,Negative,Sarcastic,Non Vulgar,Non-abusive,Gender,Bungnw bungnw sannai Rao ah Gwsw singgao nw tajwb pinbai
image_bodo_96.jpg,Positive,Sarcastic,Non Vulgar,Non-abusive,None,Biyw be lama jng nw pwibai tayw
image_bodo_210.jpg,Positive,Sarcastic,Vulgar,Non-abusive,None,Lwngnai janai ao Busy jwbbtar ctwb pra
image_bodo_346.jpg,Positive,Sarcastic,Non Vulgar,Non-abusive,None,Hinjao gwdana laimwn fwrni takhai Gemsri abw congratulations jasidg to ada
image_bodo_41.jpg,Negative,Sarcastic,Non Vulgar,Non-abusive,None,Banainw gwsw jaywini bagwibw kwntadw mane angna bangdrai
image_bodo_350.jpg,Positive,Non-Sarcastic,Non Vulgar,Non-abusive,None,"अरां दखरा एबसुनि सिङाव थानाय फरायसालि इउ एन एकाडेमि, अरां आ स्पथा मोनसेनि सुनिबार सानाव हौवासा फरायसाफोरखौ गामसा गानहोनायखौ जागायबाय । थारैनो जोबोद मोजां जाबाय । अरां दखरा एबसुनिफ्राय फरायसालिआ बेबादियै initiative लानायखौ मोजां मोन्नायखौ फोरमायबाय लोगोसे फरायसालिनि सामलाय आफाद आरो फरायसालिनि गोरायुं बिथांमोननि सिम जोबोद जोबोद मोजां मोन्नायखौ फोरमाय हरो । "
image_bodo_268.jpg,Positive,Sarcastic,Non Vulgar,Non-abusive,None,single manc upai gwiya jaikwo somaina nuyw bekwonw gwsw twnw lubwi
image_bodo_571.jpg,Positive,Sarcastic,Non Vulgar,Non-abusive,None,सों-खोथिया फोनो थाखाय सोमनाय मायखौ मा बङो- 1) मायगाब 2) जुजाय 3) माइजलि 4) एंखुर
image_bodo_227.jpg,Positive,Sarcastic,Vulgar,Non-abusive,Gender,Dasw sapa sapa sexy sexy wngkar gasinw ctwb
image_bodo_607.jpg,Positive,Non-Sarcastic,Non Vulgar,Non-abusive,None,POWER OF VIRAL Ang Dinwi Manw Kuci jakw Lwgwfwr iphone
image_bodo_172.jpg,Negative,Sarcastic,Non Vulgar,Non-abusive,None,Bungnw Rao gwiya khugayao Agdi bekwo besebang Onwmwn
image_bodo_599.jpg,Positive,Non-Sarcastic,Non Vulgar,Non-abusive,None,हाबा जायालाये थैबा बबे बिफांखौ गायनाय जायो- 1) औवा 2) गय बिफां 3) थालिर बिफां 4) गामबारि बिफां
image_bodo_446.jpg,Positive,Sarcastic,Non Vulgar,Non-abusive,None,Dani jugao swrniba thakhai Mwjang sangra manse lwgw mwngwnna ? Mathw mininwlo nagirw .....
image_bodo_100.jpg,Positive,Sarcastic,Non Vulgar,Non-abusive,None,Ngsr Manw bujiya Bekwo di ag bese mjng mwnw ag
image_bodo_518.jpg,Negative,Sarcastic,Vulgar,Non-abusive,None,
image_bodo_43.jpg,Positive,Sarcastic,Non Vulgar,Non-abusive,None,सान्नाय सिमांआ जाफुंजोबनायमोब्ला फेलेंथिं होन्नाय बेसादा थानाय नङा मोन ।
image_bodo_563.jpg,Positive,Sarcastic,Non Vulgar,Non-abusive,None,आं हिनजाव लाला रायजोफोर लोगोफोरा हिनजाव लाना माबायदि संसार जायो बेखौसो नायनो नेगासिनो
image_bodo_29.jpg,Positive,Non-Sarcastic,Non Vulgar,Non-abusive,Gender,Uff anghabw Gwsw twnai dgja nai mwnbla bebadi cycle jng berai hwinw haggwo mwn
image_bodo_167.jpg,Positive,Sarcastic,Non Vulgar,Non-abusive,Gender,Simang mwgthang da klm lang ng agkwo
image_bodo_54.jpg,Negative,Sarcastic,Non Vulgar,Non-abusive,Gender,Pwisa Gwiya Bwrwi henjao mwnGwn
image_bodo_570.jpg,Positive,Sarcastic,Non Vulgar,Non-abusive,None,हाथाय गैयाब्लाबो थालिर जायो मा बेलाय ?
image_bodo_112.jpg,Negative,Sarcastic,Non Vulgar,Non-abusive,None,Ag manw raojgbw naijaya
image_bodo_453.jpg,Positive,Sarcastic,Non Vulgar,Non-abusive,None,BLACK COBRA PUNJWBDW HWBASW HINJAO KARNYA KOM JACGWN BTR YAO
image_bodo_325.jpg,Positive,Sarcastic,Non Vulgar,Non-abusive,None,सानसेेआवनो 18 बार गाहाम Good Night  रोंगौलै नोंसोर
image_bodo_281.jpg,Positive,Sarcastic,Non Vulgar,Non-abusive,None,Dress gwdan naggwo mn agnw Durga puja ni namwi swr Baina horbao gn bra
image_bodo_278.jpg,Positive,Sarcastic,Non Vulgar,Non-abusive,None,Nagla lwi angnw Ngni onnai kwo
image_bodo_63.jpg,Positive,Sarcastic,Non Vulgar,Non-abusive,None,Ignore Kalambabw jebw nga de
image_bodo_146.jpg,Negative,Sarcastic,Non Vulgar,Non-abusive,Gender,Onnai hwba Duku kwo sw mwnw Manw bidi tai
image_bodo_141.jpg,Positive,Sarcastic,Non Vulgar,Non-abusive,None,Mala kwipwd nipai Bargo baogwn
image_bodo_428.jpg,Positive,Sarcastic,Non Vulgar,Non-abusive,None,सैथो खोथाखौ बुं उदैयाव खुदिया थाबा जानो लुबैयो होन्नाय आ नंगौना नङा महिलारिफोर
image_bodo_108.jpg,Positive,Sarcastic,Non Vulgar,Non-abusive,Gender,Oii Ngni Whats App Number Kwo Send Klmna Horlai Agnw
image_bodo_319.jpg,Negative,Sarcastic,Vulgar,Non-abusive,None,जाम्बाफोरासो थाब हाबा जायो मालाय Legend फोरा Hotel आवसो लाओ
image_bodo_424.jpg,Positive,Sarcastic,Vulgar,Non-abusive,None,दिनैसिमआंनि BIRTHDAY फालिफेराखै आरो आं NEW YEAR बरायनो गनथाफोर दालेंखा आंखौ गोरोन्थिआवबो
image_bodo_103.jpg,Positive,Sarcastic,Non Vulgarn Vulgar,Non-abusive,None,ag holi Gelenw bayw lwi Ag sapa sapa Tagra Manc
image_bodo_122.jpg,Positive,Sarcastic,Non Vulgar,Non-abusive,None,Good night Mjg cimang nutartwng
image_bodo_335.jpg,Positive,Sarcastic,Non Vulgar,Non-abusive,None,Beni address nanggwo swr angnw swr hinjaw bepari biyw seimaya Video labw nangwo Nama agwi mwn bung Nwng lai hor 1 ao bse laihw20k ag bung
image_bodo_80.jpg,Positive,Sarcastic,Non Vulgar,Non-abusive,None,ou Ngkwo na Ag Nwi Esang Mjng Mwnw Esang
image_bodo_289.jpg,Positive,Sarcastic,Non Vulgar,Non-abusive,None,i love you ngkwo posaibai ag kintu
image_bodo_177.jpg,Positive,Sarcastic,Non Vulgar,Non-abusive,None,Bini SMS Pwida pwi Be current ah pwibanw jayw agna
image_bodo_392.jpg,Positive,Non-Sarcastic,Vulgar,Non-abusive,None,Ag jebla dokhona gannanwi beraiyw obla angha sase bf ni gwnangti natai swr swr boha bekainw
image_bodo_316.jpg,Negative,Sarcastic,Vulgar,Non-abusive,None,New Year आव जाफुनाय लोंफुनाय समाव दुखुनि मेथाय दामना होयोब्ला बिगुद बिसिगोन
image_bodo_217.jpg,Positive,Sarcastic,Vulgar,Non-abusive,None,posainai ckla kwo mwnara ctwb
image_bodo_385.jpg,Positive,Sarcastic,Non Vulgar,Non-abusive,None,GOBA GOB HOTEL THE BORO KITCHEN  गेल्दां दां जानानै थाॆ नै आदामोन गोथाव गोथावथार लाजिनो नाङा
image_bodo_321.jpg,Negative,Sarcastic,Vulgar,Non-abusive,Gender,जुदि सोरबा सिख्लाया Hotel नि आयनायाव बिदि Selfie लानाय Post खालामदों अब्ला बुजिखादो गावलायनो थांदोंमोन
image_bodo_594.jpg,Positive,Sarcastic,Non Vulgar,Non-abusive,Gender,TASO BIBAR TASO BIBAR LITE
image_bodo_137.jpg,Negative,Sarcastic,Non Vulgar,Non-abusive,None,Gwsw pwrkwonw maba Suku ah sukua sw mwnla jwbbai
image_bodo_419.jpg,Positive,Sarcastic,Non Vulgar,Non-abusive,None,2025 नि फाय सोलायसां
image_bodo_510.jpg,Positive,Sarcastic,Non Vulgar,Non-abusive,Gender,गथ सानै जाबा थाय 16 बोसोरनि बायदि जाफिनलायो बाजैमोना सिख्लाफोर निफ्राय बेसोरसो  साबसिन जाबावो
image_bodo_156.jpg,Negative,Sarcastic,Non Vulgar,Non-abusive,Gender,Bini sms kwo neywi neywi nw battery ah sw jwbb lai langswi dabw gwiya
image_bodo_581.jpg,Positive,Sarcastic,Vulgar,Non-abusive,Gender,10 ूबोसोरनि गोजौनि सिख्लाफोर ना माथो थासनिफ्राय गाज्रिसिन मानोनो आदै ALOO DAY नि रावसो
image_bodo_46.jpg,Positive,Sarcastic,Non Vulgar,Non-abusive,None,Mithiya Agdi Ngkwo Besebang Mjng Mwnw Natai Manw Esebw Bujinw Najaya
image_bodo_104.jpg,Negative,Sarcastic,Non Vulgarn Vulgar,Non-abusive,None,Duku mwnw Angni Onga Gubun jng Ngkwo nuywbwla
image_bodo_588.jpg,Positive,Sarcastic,Vulgar,Non-abusive,None,COMMENT YA JADRAYASWI BENA Dwiden jg koija hwi psai gwikaia
image_bodo_149.jpg,Positive,Sarcastic,Non Vulgar,Non-abusive,Gender,Jamba ManC bra Raojngbw Naison Jaya
image_bodo_136.jpg,Negative,Sarcastic,Non Vulgar,Non-abusive,Gender,Gwiya Gwiya Khapal ao Gwiyabla boha mwnnw de
image_bodo_254.jpg,Negative,Sarcastic,Non Vulgar,Non-abusive,None,oi ouu ngkwo nw hwndg ! Gwsw twnw sanbai mwn ag Ngkwo siri siri
image_bodo_40.jpg,Positive,Sarcastic,Non Vulgar,Non-abusive,Gender,Anglai Swrni Hero jabao nw
image_bodo_151.jpg,Negative,Sarcastic,Non Vulgar,Non-abusive,None,Duku mwnbai lwi Ag Ngni be badi text lerna hwnai kwo
image_bodo_229.jpg,Negative,Sarcastic,Non Vulgar,Non-abusive,Gender,Matw Ng Agkwo Gwsw Twkumayw nw
image_bodo_261.jpg,Positive,Sarcastic,Non Vulgar,Non-abusive,None,Ag cycle dokan sw hwnwswi baigwna baiya ngsr ly aswl pwr
image_bodo_226.jpg,Negative,Non-Sarcastic,Vulgar,Non-abusive,None,paglasw swr swrjng dosenw unfriend klm jayw pata kwonw mwnslaba ctwb
image_bodo_512.jpg,Negative,Sarcastic,Non Vulgar,Non-abusive,None,बैसो जाना सिख्ला उन्दै खौ हाबा खालामनो सान्नाय सिमांआ सिमांयैनो थांसिगोन नामा थारैनो बे बुहुमाव आंनि थाखाय सासेबो हराखै नामा ?
image_bodo_241.jpg,Negative,Non-Sarcastic,Vulgar,Non-abusive,None,no ao tababw bemajng raija bai tayw ctwb kamani maoa dangga hwnna
image_bodo_465.jpg,Positive,Non-Sarcastic,Non Vulgar,Non-abusive,None,ANG HABA JALA RAIJWPWR
image_bodo_443.jpg,Negative,Sarcastic,Vulgar,Non-abusive,Gender,Hwi bigud nynw baby ang ngkwo
image_bodo_150.jpg,Positive,Sarcastic,Non Vulgar,Non-abusive,Gender,Ma klmdg Laogi Daana Mathw Kobor latar la lai
image_bodo_574.jpg,Positive,Sarcastic,Vulgar,Non-abusive,None,हाबा जागोदान जेब्ला आंनि FIRST NIGHT MY FRINDS
image_bodo_123.jpg,Positive,Sarcastic,Non Vulgar,Non-abusive,None,ओइ खोनां संलाय बे नोंसानि बिनानाव आ आंनिसो मिथिबाय
image_bodo_232.jpg,Negative,Sarcastic,Vulgar,Non-abusive,None,लंथं खुनाय जागोन लामायाव जरा जरा बेरायनाय नुयोबा
image_bodo_213.jpg,Negative,Sarcastic,Vulgar,Non-abusive,None,Ctwb ngsajw kwo horaba bekwo nudg tapli yao gaojabasw agjng
image_bodo_212.jpg,Positive,Sarcastic,Vulgar,Non-abusive,Political,pagla be gusu Bwtwrao party janw ngsr dubli gejerao hwd kla bayw lang ctwb
image_bodo_332.jpg,Positive,Sarcastic,Non Vulgar,Non-abusive,Gender,Haba jadw wmfwrai beraibai ta haba jakhanaisw officially just reception baki
image_bodo_48.jpg,Negative,Sarcastic,Non Vulgar,Non-abusive,None,Ag Ngkwo Mjang Mwnw Ng Agkhwo Mjng Mwna Biniprai Duku sin Ma Dgbaouyw
image_bodo_498.jpg,Positive,Non-Sarcastic,Non Vulgar,Non-abusive,None,बालाआव खारहैनो हायैआ आंलसै खुमा दे नोंसोर ल लादो आं गारि फुगारग्रा जानोसै
image_bodo_61.jpg,Negative,Sarcastic,Non Vulgar,Non-abusive,Gender,China ao tangnanwi Henjao Sase Lananwi Ngsr jng video call Klm hornw sannai Simangya Simangywinw Thalang marbai angna
image_bodo_521.jpg,Negative,Sarcastic,Non Vulgar,Non-abusive,None,हरफाथारला FACEBOOK  आव मेगन मोदै हिनजाव नागिरना मेलेरिआ जाबाय आं लोगोफोर
image_bodo_110.jpg,Positive,Sarcastic,Non Vulgar,Non-abusive,None,Arwibadi single dinwisim raonibw Watsap number mwnferakwi
image_bodo_364.jpg,Positive,Sarcastic,Non Vulgar,Non-abusive,Gender,VIRAL DAJASWI MADWIMWN
image_bodo_378.jpg,Positive,Sarcastic,Non Vulgar,Non-abusive,None,GWSWTWNA NY ANGYW BESE ONSULA
image_bodo_493.jpg,Positive,Sarcastic,Non Vulgar,Non-abusive,Gender,सिख्लाफोरा साख्रि आवला ल नागिरोब्ला हाबा जाखानायखौ लायाब्ला माथो उफाय
image_bodo_272.jpg,Negative,Non-Sarcastic,Vulgar,Non-abusive,None,Nwi ctwba kha pala nw gwijaya agha
image_bodo_287.jpg,Positive,Sarcastic,Non Vulgar,Non-abusive,None,Ag bara faltu noga Esanglo
image_bodo_1.jpg,Positive,Sarcastic,Non Vulgar,Non-abusive,None,सिंनिखौ बोखारबासो सानिखौ मोनजायो मा जिनिस दे ?
image_bodo_69.jpg,Negative,Sarcastic,Non Vulgar,Non-abusive,Gender,Duku mwnwlwi aja sw hwnw sikla pwra angkw duku mwnw
image_bodo_494.jpg,Positive,Sarcastic,Non Vulgar,Non-abusive,None,"HSLC fail जाना थानाय फोरानो साख्रि आवला नागिरोबा अ,आ, आ ई सिनायै (थिब सहि होग्राखौसो लानांसिगोन जों"
image_bodo_564.jpg,Positive,Sarcastic,Non Vulgar,Non-abusive,None,बे । BTR आव आंखौ हमनो हानाय पुलिस उजिथयाखै आं दा Tailand आव SHORT MOVIE गानायनि Planning सो खालामगासिनो
image_bodo_236.jpg,Negative,Sarcastic,Vulgar,Non-abusive,None,malai pra bazarao tangsw gardw Durga puja ni gosla Longpen bainw jnghasw naiklo klo ctwb
image_bodo_629.jpg,Negative,Sarcastic,Vulgar,Non-abusive,Gender,सिख्लानि आखायखौनो दांनो मोनफेराखै दुदु दांनायनि सिमांखौथ बाद' दोन
image_bodo_79.jpg,Negative,Sarcastic,Non Vulgar,Non-abusive,None,Mjn Mwnnai ya tho Mwnw lwi Khwtaya besw Be Agkwo laya na
image_bodo_353.jpg,Positive,Non-Sarcastic,Non Vulgar,Non-abusive,None,Life is not same for Evryone बयनिबो थाखाय जिउआ एखे नङा
image_bodo_579.jpg,Positive,Sarcastic,Non Vulgar,Non-abusive,Individual,हिनजाव मोनोब्ला बिमानि ANGANWADI  साख्रि खौ सोर नो होनो बिखौसो सिनथा आंहा
image_bodo_55.jpg,Negative,Sarcastic,Non Vulgar,Non-abusive,None,Jwng Gwrib Ni Fisa Simang Lo Nunw Hagwn Nathai Jafung Hwnw Haya
image_bodo_303.jpg,Positive,Sarcastic,Vulgar,Non-abusive,None,सेंग्राफोरा सिख्लाफोरनि दुदुखौ नायना गोसो थोयो ओमफ्राय सिख्लाफोरा सेंग्रानि Bike खौ निना मोजां मोनो बेनो जाबाय आथिखालाव सोलिफुबाय थानाय Nibba Nibbi फोरनि आराम मोनलायनाय ok bye
image_bodo_30.jpg,Positive,Non-Sarcastic,Vulgar,Non-abusive,None,Boring life ma klmnw kela Gf bw gwijaya
image_bodo_516.jpg,Positive,Non-Sarcastic,Non Vulgar,Non-abusive,None,जिउ आनो आलाय सिलाय माब्ला मा जागोन जेबो मिथिला
image_bodo_620.jpg,Positive,Sarcastic,Non Vulgar,Non-abusive,None,बाजैनि सेन्देला Diamond  निसो दामि
image_bodo_365.jpg,Negative,Sarcastic,Non Vulgar,Non-abusive,None,1:42 TRY TR LYTARMWN MY FRINDS : आसि नि जायगायाव आं मोनबा सि
image_bodo_42.jpg,Positive,Sarcastic,Non Vulgar,Non-abusive,Gender,Dodere Boha Dg Nglai Matw Nuya bw Mwnabw Siri online bw Pwiya
image_bodo_549.jpg,Positive,Non-Sarcastic,Non Vulgar,Non-abusive,None,23 बोसोर जालायबोबाय हिन्जाव सासेखौनो फथायनो रोंबोआखैसै आंसो जामबाना खाफालनि लिरनाय जाखो
image_bodo_20.jpg,Negative,Sarcastic,Non Vulgar,Non-abusive,None,बे जोनोमाव गोसो थोलायनानै सानसे हरसे call Line आव थानो सान्नायनि सिमाङा सिमांल' जाना थासिगोन ।
image_bodo_262.jpg,Positive,Sarcastic,Non Vulgar,Non-abusive,None,Mithikayw de de thogai Ng agkwo gwsw twya na
image_bodo_342.jpg,Negative,Sarcastic,Vulgar,Non-abusive,None,Size Gwiywikainw Like Bw Pwiya comment Bw Pwiya Gontasw
image_bodo_280.jpg,Positive,Sarcastic,Non Vulgar,Non-abusive,None,Lwgw Babw posai kumana yaosw dg angbw
image_bodo_216.jpg,Negative,Sarcastic,Vulgar,Non-abusive,None,Manc Orla Baigwn Bekwo mwna batai !! Miti khaya ag
image_bodo_467.jpg,Positive,Non-Sarcastic,Non Vulgar,Non-abusive,None,"comment on pwi jwng boibw Magra Boro Rao Swlwngni, Goalpara District Sonitpur arw biswanathni boro pwranw original obla Alfred na original nonga jwnglai noga nma Alfrd ada jg same jgna goalpara na "
image_bodo_368.jpg,Negative,Sarcastic,Vulgar,Non-abusive,Gender,Agnw sase hordwbra gaocnw X kwo ladw Ang mwiya status hwdwngmwn Hitt jabai Ng gaocbydang pagla Gaoakwi lwi Ro dahai swnghornang Layw hwnba ladw Ngbw Hitt
image_bodo_299.jpg,Negative,Sarcastic,Vulgar,Non-abusive,Gender,ma pongbai nwngnw gwsw twnai naggwo hwndwng nama Konse gaoja grw wmprai banaina hwgwn ang
image_bodo_306.jpg,Negative,Sarcastic,Vulgar,Non-abusive,Gender,सिख्लाफोरजों Holi गेलेफ्लाना दुदु दांनो Chance लाग्रा बाथाला सेंग्राफोरनि जागायनाय हांखो
image_bodo_475.jpg,Positive,Sarcastic,Non Vulgar,Non-abusive,None,Ada Alfred part 1 Befru hwjwbnagwo nwngtangkhwo Finally Single pro max with black Cobra foundr
image_bodo_476.jpg,Positive,Sarcastic,Non Vulgar,Non-abusive,None,LWGWNI GF KWO POTYNW SESTA KALAMGASINW ANG react horkayw bebw posykayw kuma angkwo
image_bodo_139.jpg,Negative,Sarcastic,Non Vulgar,Non-abusive,None,Duku ah nw jwbbnw tangla matw Lwgwpwr ah bw kobor lakhaya bi badiyao
image_bodo_57.jpg,Negative,Sarcastic,Non Vulgar,Non-abusive,None,Suk gwiya lwi sanprwmbw okha barhungkha Mathw bungbao nw Gaoswr ni deen
image_bodo_425.jpg,Positive,Sarcastic,Non Vulgar,Non-abusive,None,ANG LWNGLATO ADWIMWN jwo pebatai natar jonai pwrbade janai kainw lwngnw nagar jabai agw malaine henjaobw mwntea mabw mwntea na lwgwne henjaokwnw mabanw...... Wngkainw nangtola bulainwbw gwsw jaew lwngba agha lwngbaty malyni hinjao kwolo mabanw lubwiyw giny pwiya lajinybw pwiya wngkynw garby ag jwo lwngnw husakwo
image_bodo_231.jpg,Positive,Sarcastic,Non Vulgar,Non-abusive,None,Gaobra Sigwn Lai Denwi Swrna Ba Swrna Ba
image_bodo_416.jpg,Positive,Sarcastic,Non Vulgar,Non-abusive,Gender,गौरां दैसा सेराव over flood जानाय सिख्ला नआव थांनो रोंयैखौ लाना फाग्ला बाबायाव हाबा खालामसै नंआ बा मोनला
image_bodo_253.jpg,Negative,Sarcastic,Non Vulgar,Non-abusive,None,Agkwo nuna nwibw nuywi badi klmw na ngsr
image_bodo_193.jpg,Negative,Sarcastic,Vulgar,Non-abusive,Gender,Naigwn ctwb agbw Esang duga na ng
image_bodo_81.jpg,Negative,Sarcastic,Vulgar,Non-abusive,None,Swrnao Tw Dwsinai Ni simang Gwiya Boi Nao Bw Dong Misa Kole Dal hobao
image_bodo_586.jpg,Positive,Sarcastic,Non Vulgar,Non-abusive,None,like mwnaba lavelanw bara jayw nama video banainanwi dekailainanggwo nama level bara ja kom ja ngha bohy bungnangwo jebw gwiya swr tinnw ngkwo comment KLMNW ?
image_bodo_539.jpg,Positive,Sarcastic,Non Vulgar,Non-abusive,None,BREAKIUP  जाबा गोसोखौ माबायदि मोनो
image_bodo_540.jpg,Positive,Sarcastic,Non Vulgar,Non-abusive,None,सिख्लाफोरा मानो गोदान गोदान नागिरो
image_bodo_127.jpg,Negative,Sarcastic,Non Vulgar,Non-abusive,Gender,Dabwnw ngkwonw nena dg
image_bodo_130.jpg,Negative,Sarcastic,Non Vulgar,Non-abusive,Gender,Undunw Wngkara Bikwo Sanwi Sanwi nw
image_bodo_166.jpg,Positive,Sarcastic,Non Vulgar,Non-abusive,Gender,mithigwo da roje ng agni onnaiya Ngni sim bese guar bese Gwtwo
image_bodo_576.jpg,Negative,Sarcastic,Vulgar,Non-abusive,None,साख्रि लााना आदैआव जोनाय जोनाय लानो सान्नाय सिमांआ सिमांयैनो थासिगोन नामा
image_bodo_551.jpg,Positive,Sarcastic,Non Vulgar,Non-abusive,None,Asol cinema gwdana angbw hor bra dgbaa
image_bodo_225.jpg,Positive,Non-Sarcastic,Vulgar,Non-abusive,None,ag Ngkwo gwsw twyw hwnna nwi bw bungna nwi bw lanw hala siri siri profile photo kwo nw nainanwi tasab niswi ctwb
image_bodo_134.jpg,Negative,Non-Sarcastic,Vulgar,Non-abusive,None,Sannai mani Gaswibw Faleng jajwbw balai ma gonta janw
image_bodo_508.jpg,Positive,Sarcastic,Non Vulgar,Non-abusive,None,"बोरैबा जुदि गामियाव सोरबा साख्रि मोनफ्रांबा आंखौथ बिराद रायगोन आइआ आंथ दा बिमाखौ मालाय फैसा होखाजोबनोसै APPLY  खालामनायाव 1K,2K खरसा जायो बेखारसो होनगासिनो "
image_bodo_437.jpg,Positive,Sarcastic,Non Vulgar,Non-abusive,None,हौवाफोरना फानजानाय बा दाहालागै आं लाखांसिगौ
image_bodo_145.jpg,Negative,Sarcastic,Non Vulgar,Non-abusive,Gender,Good night Raobw kobor lagra gwiya
image_bodo_474.jpg,Positive,Sarcastic,Non Vulgar,Non-abusive,None,HINJAO MWNNYBA SOCIAL MEDIA NIPRY JANGAR JASIGWOMWNLANG RYJWPWR
image_bodo_421.jpg,Positive,Sarcastic,Non Vulgar,Non-abusive,None,जों SINGLE फोरना PICNIC जाबा बुलायनाय जायो  COUPLE फोरना अनलायनाया बारा जायो
image_bodo_265.jpg,Negative,Non-Sarcastic,Non Vulgar,Non-abusive,None,नआव मोजाङै था सना होनग्राबो गैजा रोङा
image_bodo_336.jpg,Positive,Non-Sarcastic,Non Vulgar,Non-abusive,None,Abo Mt ni gumwi
image_bodo_455.jpg,Positive,Sarcastic,Non Vulgar,Non-abusive,None,आं हिनजाव लाला आंनि लोगोफोरा हिनजाव लाना माबायदि संसार जायो बेखौसो नायनो दं आं
image_bodo_279.jpg,Positive,Sarcastic,Non Vulgar,Non-abusive,None,wrwibadi single ag denwisimbw raonibw ckla ni prai phn nmbr mwnperakwi
image_bodo_496.jpg,Negative,Non-Sarcastic,Non Vulgar,Non-abusive,None,साख्रि बो मोनला हिनजावबो मोनला आंखौ माबायदि इसोरऐ दाना हरखो ?
image_bodo_273.jpg,Negative,Sarcastic,Non Vulgar,Non-abusive,None,Ag jaikwo gwsw twyw Beyw agkwo gwsw twya bra kela
image_bodo_457.jpg,Positive,Sarcastic,Non Vulgar,Non-abusive,Gender,"आफाखंआव खोमोन बुरजा गोनां हिनजावआ लोखि गोनां जायोनो नै मादैखौ बेबादि थानांगौ खोमोनफोरा आरो अनसुलि, आखल गोनां, माहि नखर खांनो गोरों बो जायोनो"
image_bodo_314.jpg,Positive,Sarcastic,Vulgar,Non-abusive,None,oi नों नि नामा बे
image_bodo_209.jpg,Positive,Sarcastic,Vulgar,Non-abusive,None,ctwb ngsr lo rwgw nm Ag rwga nama
image_bodo_243.jpg,Positive,Sarcastic,Non Vulgar,Non-abusive,None,jwtwnwi Lakiggwo mn ag ngkwo mwnbla bebwibw
image_bodo_50.jpg,Positive,Sarcastic,Non Vulgar,Non-abusive,Gender,Tarwinw Ngni Pagwla jabai ag Ng ma Sankw wmprai
image_bodo_168.jpg,Positive,Sarcastic,Non Vulgar,Non-abusive,Gender,Good night guys Jukunu Gabwn Tab sikar naggwo ag
image_bodo_119.jpg,Positive,Sarcastic,Non Vulgar,Non-abusive,Gender,Oii I love Ngkwo Hwndg Ag
image_bodo_461.jpg,Positive,Sarcastic,Non Vulgar,Non-abusive,None,बे अखाया अखा नङा आंनि गोरबोनि दुखुनि मोदैसो
image_bodo_396.jpg,Positive,Sarcastic,Non Vulgar,Non-abusive,None,NWNGSWR MABLA HABA JAGWN BEKWO SW NEGACNW ANG
image_bodo_244.jpg,Positive,Non-Sarcastic,Non Vulgar,Non-abusive,None,गैखाया खाफालावनो हास्थायबा मालाय बहा मोन्नो
image_bodo_175.jpg,Negative,Sarcastic,Non Vulgar,Non-abusive,None,Akonbla Gwsw jaya ag Be Mulug songsar ni prai Gwma langnw
image_bodo_503.jpg,Negative,Sarcastic,Vulgar,Non-abusive,Gender,अखा खोरोमनायखौ गिग्रा सिख्लाफोर hahahahaha ओरै फै बिखायाव थाखुफै गिनांआ सनाफोर
image_bodo_349.jpg,Negative,Non-Sarcastic,Non Vulgar,Non-abusive,None,Hinjao Nagerbayinw Habani Omaya swrlab swrtab jajwbby kasiswmwn lwgwpwr
image_bodo_158.jpg,Positive,Sarcastic,Non Vulgar,Non-abusive,Gender,Swrniba jagwn Ngba Agni ba jagwna jaya
image_bodo_381.jpg,Positive,Sarcastic,Non Vulgar,Non-abusive,None,ANGKWO RAGA KORA NUTARW NAMA
image_bodo_448.jpg,Positive,Sarcastic,Non Vulgar,Non-abusive,Gender,जेब्ला NANGGWN HMBASW POSTAIGWN NGSWR CKLAPWR ARAIGASINW RO
image_bodo_102.jpg,Positive,Sarcastic,Non Vulgar,Non-abusive,None,Oii माथो नों बै गामि नुहरनायनि जों जुलि जाहैमोसैनो नंग' होनलाय आंखौ गारना थांमार सिगोन नों होनबा
image_bodo_84.jpg,Negative,Sarcastic,Non Vulgar,Non-abusive,None,Dana Okha Hablabw Malai Agkwo Gwsw Khangtarla
image_bodo_463.jpg,Positive,Non-Sarcastic,Non Vulgar,Non-abusive,None,मानसिनि खुगा सिङाव थानाय जंफार हाथायखौ मा होनो ? A)   हागोमा हाथाय B) सामा हाथाय C) खदाल हाथाय  D) सिगां हाथाय खदाल हाथाय सो होबोदां
image_bodo_300.jpg,Negative,Sarcastic,Vulgar,Non-abusive,Social Sub-groups,Longtong juga pwipin Bai Lwi kali belo nma ngsina gana Logtong kuna mwsa gasinw nma ngswr bekainw be ganlo damw sala pwr
image_bodo_282.jpg,Positive,Sarcastic,Non Vulgar,Non-abusive,None,Ag manw raojngbw Gwsw twjaya bra
image_bodo_120.jpg,Positive,Sarcastic,Non Vulgar,Non-abusive,Gender,Mjng mwnw de ngkwonw Makwo naibai takhw
image_bodo_164.jpg,Negative,Sarcastic,Non Vulgar,Non-abusive,Gender,Harsing Harsing mwngra jabai Angni be gwsw ah Ng gwiywi ni prai nw
image_bodo_354.jpg,Positive,Sarcastic,Non Vulgar,Non-abusive,None,Actor jadw bra boibw support dong viral jabyna
image_bodo_215.jpg,Negative,Sarcastic,Vulgar,Non-abusive,Gender,lwdwi begot pwr be talir petaiya jahwgwn ngswrkwo dekai bai tanw
image_bodo_237.jpg,Positive,Sarcastic,Non Vulgar,Non-abusive,None,Ngkwo khatiyao nubatai Bikhayab Tir gaonai baidi mwnwlaiyw
image_bodo_312.jpg,Negative,Sarcastic,Vulgar,Non-abusive,None,लंथंं Modern जुगा जोबना थांलायबाय दानिया लेवराफिथिंनाय फैलायबाय
image_bodo_191.jpg,Negative,Non-Sarcastic,Vulgar,Non-abusive,Gender,Oi bigut ngsani no khatini kwo banaina hwdw bra agnw
image_bodo_488.jpg,Positive,Sarcastic,Non Vulgar,Non-abusive,None,सैमा गानथि नांनाय आ बबे मास आव जायो -  1) JANUARY 2) AGUST 3) APRIL 4) SEPTEMBER
image_bodo_118.jpg,Negative,Sarcastic,Non Vulgar,Non-abusive,Gender,Gwsw Gwiya Ag Denwi Ngjng Railai nw
image_bodo_94.jpg,Positive,Sarcastic,Non Vulgar,Non-abusive,None,Current ni gwrwnti Gwiya raijwpwr Bwtwrnisw
image_bodo_358.jpg,Positive,Sarcastic,Non Vulgar,Non-abusive,None,ma bustu bely ?
image_bodo_590.jpg,Positive,Sarcastic,Non Vulgar,Non-abusive,None,आइखौ बुंनानै हो नोंजामादैआ बेथारि गारि इ रिक्सासो सालायो
image_bodo_245.jpg,Positive,Sarcastic,Non Vulgar,Non-abusive,None,आंनोा अनजालिया गावनि जुलिनि रादायखौ आंनो फोरमाय हरबाय
image_bodo_411.jpg,Negative,Sarcastic,Non Vulgar,Non-abusive,Gender,GIRL FRIEND गैया होनबाबो राव फाग्लानि फिसाजोआ फोथाया
image_bodo_38.jpg,Negative,Sarcastic,Non Vulgar,Non-abusive,None,Angto be jwnwmao Ngkw Mwnnai nonggla Kwma na
image_bodo_360.jpg,Positive,Sarcastic,Non Vulgar,Non-abusive,None,BE DOLLER KAMYGRAPWRKWO SASE BRO  Nangwoba kobor hwlwi Ranna hornang Ma bustu bilai Metric pass reels bnyna gwrwng naggwo to arw bro ANG CAMERA KEBNAYAO GWRWNGKA
image_bodo_371.jpg,Positive,Sarcastic,Non Vulgar,Non-abusive,None,रिल्स खालामनानै समाजखौ गुबुंले खालामग्रा बर आइजोनि सायाव गामिनि रायजो राजाफोरनि गोख्रों राहा । Angkwo nimaha Hwdw lwgwfwr
image_bodo_442.jpg,Positive,Sarcastic,Non Vulgar,Non-abusive,Gender,मोसौ गुमनाय फोर बायदि गुमाबा आयंमोन फिसाजोफोरा फाल जाहैबा खिन्थु साख्रि आवला बिजामादै मोन्नाय नङा
image_bodo_92.jpg,Positive,Sarcastic,Non Vulgar,Non-abusive,None,Oii नों मा आंखौ नुबाबो रायदाव थारा ब्रा
image_bodo_116.jpg,Negative,Sarcastic,Non Vulgar,Non-abusive,Gender,Nwgkwo Gwsw Khangna Ngjng Railainw Lugwiyw Pwipin Gwn Ng Malabla
image_bodo_409.jpg,Positive,Non-Sarcastic,Non Vulgar,Non-abusive,None,BTR आव जेरै सोलायदों आंबो 2025 निफ्राय सैलायसै रायजोफोर
image_bodo_515.jpg,Negative,Sarcastic,Non Vulgar,Non-abusive,None,गामिियाव मेगन साग्रा मानसि थाबानो नखरा सुख जाया
image_bodo_204.jpg,Negative,Non-Sarcastic,Vulgar,Non-abusive,None,Fuck sw life ah Nw
image_bodo_497.jpg,Negative,Non-Sarcastic,Non Vulgar,Non-abusive,None,देग्लायबो दुरगा फुजायाव आखायखालि हारसि बेरायमारनांसिगोन नामा मालायनि जरा जराखौ नायना फैनांसिगोनलाय
image_bodo_195.jpg,Negative,Sarcastic,Vulgar,Non-abusive,None,Hwd ctwb good night Ngsr ni jora kwolo nubai tayw
image_bodo_621.jpg,Positive,Sarcastic,Non Vulgar,Non-abusive,None,मायनावजों आंजों बैयागुनि दाउ रोसि लोंनो मानि मुनि खानो थांनायाव Mendela Brahma एकटर गाजोला जानोब्ला फै । मेगन साना लाब गैया ।
image_bodo_403.jpg,Positive,Sarcastic,Non Vulgar,Non-abusive,Gender,GWORANG PARK YAO NW JADW PICNIC YA JWO PENA GWIGLWINA TANY ANG LABWGWN
image_bodo_423.jpg,Positive,Non-Sarcastic,Non Vulgar,Non-abusive,None,आं लोंबाथाय बुलायनोल गोसो जायो ओंखायनो गारबाय आं
image_bodo_174.jpg,Negative,Sarcastic,Non Vulgar,Non-abusive,None,Dukuni Mwdwi Bungpob jwbbai sw
image_bodo_170.jpg,Positive,Sarcastic,Non Vulgar,Non-abusive,Gender,Wi laogi ma bwrwi dg Da sandi
image_bodo_259.jpg,Positive,Non-Sarcastic,Non Vulgar,Non-abusive,None,Single pra khali memes lo share klmw
image_bodo_357.jpg,Positive,Sarcastic,Vulgar,Non-abusive,None,जांयिखौ उल्था गानलांफ्रांदों कक्राझार आव खान्दा खान्दा गान्नाय नुना सेस
image_bodo_439.jpg,Positive,Sarcastic,Non Vulgar,Non-abusive,None,NURSE  सिख्लानि अनगायै रावबो सिख्लाजों आखाय दांजाफेराखै  लोमजाना  HOSPITAL आवसो थाहैसां
image_bodo_404.jpg,Positive,Sarcastic,Non Vulgar,Non-abusive,None,NEW YEAR NI PRAY HABA JAKANY HINJAKWO NYLA SWLYTARSWI ANG
image_bodo_152.jpg,Negative,Sarcastic,Non Vulgar,Non-abusive,Gender,Lab gwiya jaikwo ng Gwsw Gwrbw kwo hwtab nanwi Mjng mwnbla bw Neosi Jayw balai
image_bodo_307.jpg,Negative,Non-Sarcastic,Vulgar,Non-abusive,None,गोदो उन्दैआव सैमा जालानायखौ हाथर खबैला बायना होखारनायनि फाबआ दायो नांदों।
image_bodo_60.jpg,Positive,Sarcastic,Non Vulgar,Non-abusive,None,Upai gwitarwi ao dnwi Nwmbajwi kwo labw marbai ang dnwi horao nani mwn agwimwn
image_bodo_196.jpg,Negative,Sarcastic,Vulgar,Non-abusive,Gender,Good night Ctwb Gasibw taka jwbb Khanai leora
image_bodo_14.jpg,Positive,Sarcastic,Non Vulgar,Non-abusive,Social Sub-groups,Basumatary फोरनि अन्नायखौ मालाबाबो नंखाय होन्नानै दासान नङाब्ला जिउआव फस्थायनांगोन
image_bodo_430.jpg,Negative,Sarcastic,Vulgar,Non-abusive,None,REAR UNIQUE NAME Lwdwi Gwlao Abu Fisa
image_bodo_395.jpg,Negative,Sarcastic,Vulgar,Non-abusive,None,Longtong Modern Jug song jwng jai longtong mwsanw hayw benw Doller bangsin Mwnw
image_bodo_398.jpg,Positive,Sarcastic,Vulgar,Non-abusive,Gender,cklapra angkwo manw gwswtwya 1) TOGYGRA NUYW 2) GF gwngka byd nuyw 3) size gwywini taky 4) Hinjao gwnangkasw sanw 5) SAKRI GWIYWINI TAKY jona gargra sw nuyw nama
image_bodo_532.jpg,Positive,Non-Sarcastic,Non Vulgar,Non-abusive,None,अरां खामखोन्दा बनखौ 1) अरखि 2) हाथप्ला 3) असुन्दा 4) हांगार
image_bodo_295.jpg,Positive,Sarcastic,Vulgar,Non-abusive,None,mohor dgna dg malai pwra Lalai garlai jngpwra sase kwonw mwna ctwb
image_bodo_484.jpg,Positive,Sarcastic,Non Vulgar,Non-abusive,None,सिखा्लाफोरा खानाय बोबाय दुगा फुजानि जोंहा हिन्जाव  बोसै नामा सेग्राफोर
image_bodo_456.jpg,Positive,Sarcastic,Non Vulgar,Non-abusive,Gender,फिसाय जौ फाग्ला गथ 1 गोनां नागिरलाय
image_bodo_53.jpg,Positive,Sarcastic,Non Vulgar,Non-abusive,None,Hangma Tagwn Sona Be Badi Da Klmng ng
image_bodo_62.jpg,Negative,Sarcastic,Non Vulgar,Non-abusive,None,Bwisagu ao Ngjng Mwsapanw sannai Simanga Simangywinw Thalang Gwnsw Nma
image_bodo_429.jpg,Positive,Sarcastic,Non Vulgar,Non-abusive,None,PREGNANT जाबा फिसायफ्रा बिसिखौ बिराद अनो माथो बा बा बा
image_bodo_372.jpg,Positive,Sarcastic,Vulgar,Non-abusive,None,Agkwo nimaha lwdw lwgwfwr Agkwo nimaha. Hwdw lwgwfwr
image_bodo_49.jpg,Negative,Sarcastic,Non Vulgar,Non-abusive,None,Dana Malai Barhungkha pwiblabw Angkwo Gwsw Khangtarla Gwdan Mwnbai Dang
image_bodo_135.jpg,Negative,Sarcastic,Non Vulgar,Non-abusive,Gender,Gwiya Dabw bini Sms
image_bodo_397.jpg,Positive,Sarcastic,Non Vulgar,Non-abusive,None,HINJAO GWNANGKASW SW SANW KUMA NGSWR ANGKWO
image_bodo_485.jpg,Positive,Sarcastic,Non Vulgar,Non-abusive,None,GF नागिरबाबो मोनैनि दिखार आवसो memer  जादों आरो सिख्लाफोरा GF दंखायो बेनासो सानबावो
image_bodo_543.jpg,Positive,Sarcastic,Non Vulgar,Non-abusive,Gender,1) बर सिख्लाफोरनि गोसोखौ गोजोन होनो हाग्रा हौवा- क) बर ख) राभा 3) निग्र ख) आदिबासि
image_bodo_531.jpg,Positive,Sarcastic,Vulgar,Non-abusive,None,गरसे फिसा गरसे गिदिरखौ मा होनो 1) हिजरा 2) मेखला 3) फालवान 4) गुथिराजा
image_bodo_447.jpg,Positive,Sarcastic,Non Vulgar,Non-abusive,None,जरा जारा post दाहोलै आदैमोन जोंहा उन्दुनायाल दांग्रोमफ्रालाय लांओ
image_bodo_478.jpg,Positive,Sarcastic,Non Vulgar,Non-abusive,None,फुजायाव जुखुनो सासे लाना फैगोन
image_bodo_469.jpg,Positive,Sarcastic,Vulgar,Non-abusive,None,Swr2 china niprai naidg Nwngsa nwma dw nwmfadw lo naidwng xhiana nifry CPA gaokhwnw china ni sankhwna makhw
image_bodo_9.jpg,Negative,Sarcastic,Non Vulgar,Non-abusive,None,दम दङोबोला Chrome नि History खौ Screenshot खालामना हरलाय - नायनि सोरनाव बेसेबां दम दङ
image_bodo_477.jpg,Positive,Sarcastic,Non Vulgar,Non-abusive,None,कारेमुरा ग्रिन लेन्ड स्पट क्लाबनि जुलुर बादायलायनायाव जाखांफुनाय समाज सिबियारि मनिन बर (लावडुम)
image_bodo_348.jpg,Positive,Sarcastic,Non Vulgar,Non-abusive,None,"लेखा रोंयै सिख्लाफोराबो NS, MT.R15,KTM CYCLE जों बेरायग्राआ सोरखौ लानांगौ "
image_bodo_524.jpg,Positive,Sarcastic,Non Vulgar,Non-abusive,Gender,सिख्लाफोरा बिमा बिफानि खोथाखौबा मानिया BF नि खोथाखौबा दाबुंसै
image_bodo_228.jpg,Positive,Sarcastic,Vulgar,Non-abusive,None,obaoba program dg ba lenghor dwlwi agkwobw jngni ting gwiya ctwb siri tar
image_bodo_218.jpg,Positive,Sarcastic,Vulgar,Non-abusive,None,gwsw twlainwba mjng gwsw twlai lwi ctwb pwr jngni mwkhang bijab ao gabla babli noga kela
image_bodo_598.jpg,Positive,Sarcastic,Non Vulgar,Non-abusive,None,साख्रि थाबामालाय मोनो आंनिखौ नै दासो मन्दिर आव हाबा लाना फैदों
image_bodo_22.jpg,Positive,Sarcastic,Non Vulgar,Non-abusive,Social Sub-groups,Narzary बादि गोथार गोसोनि सुबुं मोन्नो बे बुबुमाव गोब्राब ।
image_bodo_105.jpg,Positive,Sarcastic,Non Vulgar,Non-abusive,Gender,Ngkwo Bwrwi Mwngwn Ag Mainao
image_bodo_310.jpg,Positive,Sarcastic,Vulgar,Non-abusive,Gender,"जाय बर' सिख्लाया Muslim, Bangal,Assamese सेंग्रा गोसोथोना ज' ज' बेरायलायो खुदुमलायो ज' ज' Room सिंआव Reels बानायलायना देखायो बे सिख्लाखौ सानसे नंआ सानसेबाबो थैनाय खोनाखाथारगोन नों । 100 % Sure खोथा बे"
image_bodo_284.jpg,Positive,Sarcastic,Non Vulgar,Non-abusive,None,ohh ngkwonw pagla badi pyar keya re
image_bodo_171.jpg,Negative,Sarcastic,Non Vulgar,Non-abusive,None,Ma hwnna nwi bungbao gwn Ag bungnw Rao gwila lwi gwila
image_bodo_577.jpg,Negative,Sarcastic,Vulgar,Non-abusive,Gender,हौवाखौ नों गाहायनि माबे मोनसेजों रायो दावराव जाबा - 1) बैथाला 2) नाफाम सिखाव 3) दावला 4) बिमानि फिसाय 5) अलसिया 6) बिफा जोलै फिसा 7) गुनदा 8) लोदै आव सान्दुम नांबा सिखारग्रा 10) फाग्ला 11) अरहेनाय गोनां 12) गुदुं नांगौबाल बैथाला 13) नै नों गुनदा
image_bodo_530.jpg,Positive,Non-Sarcastic,Non Vulgar,Non-abusive,None,सिख्लाफोरनि आखाय दांफेरनो मोनैआ आंलसै खुमा BTR आव
image_bodo_214.jpg,Positive,Sarcastic,Vulgar,Non-abusive,None,ctwb Rongjanai bwtwrao ma daorao daosi bra ngsrli
image_bodo_143.jpg,Negative,Sarcastic,Non Vulgar,Non-abusive,Gender,Beha gubun Dongkaseyao bw miti khananwi babw Agdi bikwo bese mjng mwnw ngsr ma bujinw
image_bodo_85.jpg,Positive,Sarcastic,Non Vulgar,Non-abusive,None,अन्नानै आंनोबो बैसागुनि नामै दखना बायना हरदो हाय
image_bodo_173.jpg,Negative,Sarcastic,Non Vulgar,Non-abusive,None,I miss You Gwma langjwbbai jgni Sona maoji hwnnai lainaiya
image_bodo_129.jpg,Positive,Sarcastic,Non Vulgar,Non-abusive,Gender,Gubun Hadwrao ao Pwibai ag Bikwo baogarlangnw takhai
image_bodo_370.jpg,Positive,Sarcastic,Non Vulgar,Non-abusive,Gender,HELLOW SIR ANGNI FACEBOOK KWO PWISA HABGRA KLMDW ONNANWI
image_bodo_471.jpg,Positive,Sarcastic,Non Vulgar,Non-abusive,None,Comment on Sekhlafwra Bwrai Huajw line mareyw manw Okonda party bnydw angbw lala adwimwn Banaibato okonda jagwomwn angbw bnynangcgwn um
image_bodo_182.jpg,Positive,Sarcastic,Non Vulgar,Non-abusive,None,Baolang bai janaggwo ng Agkwo jebw Nongla de
image_bodo_506.jpg,Positive,Sarcastic,Non Vulgar,Non-abusive,None,गथ साासे गोनांजों सोरनिबा EX जों एखेसो
image_bodo_623.jpg,Positive,Sarcastic,Non Vulgar,Non-abusive,None,God Morning Bini kw Nuwakwi da
image_bodo_47.jpg,Negative,Sarcastic,Non Vulgar,Non-abusive,None,Jala Lwi jebw Noyao Tababw Raijabai tayw Bekar jibon
