Ids,Sentiment,Sarcasm,Vulgar,Abuse,Target
Gujarati_image_1225.jpg,Positive,Sarcastic,Vulgar,Non-Abusive,Individual
Gujarati_image_1583.jpg,Positive,Non-Sarcastic,Non-Vulgar,Abusive,Individual
Gujarati_image_1502.jpg,Negative,Sarcastic,Non-Vulgar,Abusive,Individual
Gujarati_image_1487.jpg,Negative,Sarcastic,Non-Vulgar,Abusive,Individual
Gujarati_image_1497.jpg,Negative,Sarcastic,Non-Vulgar,Abusive,Individual
Gujarati_image_1623.jpg,Neutral,Non-Sarcastic,Non-Vulgar,Abusive,Individual
Gujarati_image_1493.jpg,Neutral,Non-Sarcastic,Non-Vulgar,Non-Abusive,Individual
Gujarati_image_1492.jpg,Negative,Non-Sarcastic,Non-Vulgar,Abusive,Individual
Gujarati_image_1462.jpg,Negative,Sarcastic,Non-Vulgar,Abusive,Individual
Gujarati_image_1500.jpg,Negative,Sarcastic,Non-Vulgar,Non-Abusive,Individual
Gujarati_image_19.jpg,Neutral,Sarcastic,Non-Vulgar,Abusive,Individual
Gujarati_image_1645.jpg,Positive,Non-Sarcastic,Non-Vulgar,Abusive,Individual
Gujarati_image_483.jpg,Negative,Sarcastic,Non-Vulgar,Non-Abusive,Individual
Gujarati_image_1630.jpg,Neutral,Non-Sarcastic,Non-Vulgar,Non-Abusive,Individual
Gujarati_image_1627.jpg,Negative,Non-Sarcastic,Non-Vulgar,Non-Abusive,Individual
Gujarati_image_1501.jpg,Negative,Non-Sarcastic,Non-Vulgar,Abusive,Individual
Gujarati_image_1468.jpg,Negative,Non-Sarcastic,Non-Vulgar,Non-Abusive,Individual
Gujarati_image_1087.jpg,Neutral,Non-Sarcastic,Non-Vulgar,Abusive,Individual
Gujarati_image_1644.jpg,Negative,Non-Sarcastic,Non-Vulgar,Abusive,Individual
Gujarati_image_1504.jpg,Negative,Non-Sarcastic,Non-Vulgar,Abusive,Individual
Gujarati_image_1544.jpg,Negative,Non-Sarcastic,Non-Vulgar,Abusive,Individual
Gujarati_image_1561.jpg,Negative,Non-Sarcastic,Non-Vulgar,Abusive,Individual
Gujarati_image_1480.jpg,Neutral,Sarcastic,Non-Vulgar,Non-Abusive,Individual
Gujarati_image_1511.jpg,Negative,Non-Sarcastic,Non-Vulgar,Non-Abusive,Individual
Gujarati_image_1505.jpg,Negative,Sarcastic,Non-Vulgar,Non-Abusive,Individual
Gujarati_image_1506.jpg,Positive,Non-Sarcastic,Non-Vulgar,Abusive,Individual
Gujarati_image_1624.jpg,Negative,Sarcastic,Non-Vulgar,Abusive,Individual
Gujarati_image_20.jpg,Neutral,Non-Sarcastic,Non-Vulgar,Abusive,Individual
Gujarati_image_1616.jpg,Neutral,Non-Sarcastic,Non-Vulgar,Abusive,Individual
Gujarati_image_1641.jpg,Neutral,Sarcastic,Non-Vulgar,Abusive,Individual
Gujarati_image_1102.jpg,Neutral,Sarcastic,Non-Vulgar,Non-Abusive,National Origin
Gujarati_image_1491.jpg,Negative,Non-Sarcastic,Non-Vulgar,Non-Abusive,Individual
Gujarati_image_1626.jpg,Positive,Non-Sarcastic,Non-Vulgar,Abusive,
Gujarati_image_1478.jpg,Negative,Non-Sarcastic,Non-Vulgar,Abusive,Gender
Gujarati_image_1168.jpg,Negative,Non-Sarcastic,Non-Vulgar,Non-Abusive,Individual
Gujarati_image_1489.jpg,Neutral,Sarcastic,Non-Vulgar,Abusive,National Origin
Gujarati_image_1470.jpg,Negative,Sarcastic,Non-Vulgar,Abusive,Gender
Gujarati_image_1521.jpg,Negative,Non-Sarcastic,Non-Vulgar,Non-Abusive,Individual
Gujarati_image_765.jpg,Neutral,Sarcastic,Non-Vulgar,Abusive,Individual
Gujarati_image_605.jpg,Negative,Non-Sarcastic,Non-Vulgar,Non-Abusive,Individual
Gujarati_image_1539.jpg,Negative,Non-Sarcastic,Non-Vulgar,Abusive,Individual
Gujarati_image_529.jpg,Negative,Non-Sarcastic,Vulgar,Abusive,Gender
Gujarati_image_1546.jpg,Negative,Non-Sarcastic,Non-Vulgar,Abusive,Individual
Gujarati_image_1093.jpg,Negative,Sarcastic,Non-Vulgar,Abusive,
Gujarati_image_540.jpg,Negative,Non-Sarcastic,Non-Vulgar,Non-Abusive,Individual
Gujarati_image_1108.jpg,Negative,Non-Sarcastic,Vulgar,Non-Abusive,Individual
Gujarati_image_611.jpg,Negative,Non-Sarcastic,Non-Vulgar,Non-Abusive,Individual
Gujarati_image_969.jpg,Neutral,Sarcastic,Non-Vulgar,Abusive,Gender
Gujarati_image_1528.jpg,Neutral,Non-Sarcastic,Non-Vulgar,Abusive,Individual
Gujarati_image_495.jpg,Negative,Non-Sarcastic,Non-Vulgar,Non-Abusive,Individual
Gujarati_image_874.jpg,Negative,Non-Sarcastic,Non-Vulgar,Non-Abusive,Individual
Gujarati_image_1516.jpg,Negative,Non-Sarcastic,Non-Vulgar,Non-Abusive,Individual
Gujarati_image_1535.jpg,Positive,Sarcastic,Non-Vulgar,Abusive,National Origin
Gujarati_image_597.jpg,Negative,Non-Sarcastic,Non-Vulgar,Non-Abusive,Individual
Gujarati_image_1524.jpg,Neutral,Sarcastic,Non-Vulgar,Abusive,Individual
Gujarati_image_574.jpg,Negative,Non-Sarcastic,Non-Vulgar,Non-Abusive,
Gujarati_image_616.jpg,Negative,Sarcastic,Vulgar,Non-Abusive,Individual
Gujarati_image_1636.jpg,Neutral,Sarcastic,Non-Vulgar,Non-Abusive,
Gujarati_image_1629.jpg,Negative,Sarcastic,Non-Vulgar,Abusive,Individual
Gujarati_image_494.jpg,Negative,Non-Sarcastic,Non-Vulgar,Non-Abusive,Individual
Gujarati_image_1483.jpg,Negative,Non-Sarcastic,Non-Vulgar,Non-Abusive,Individual
Gujarati_image_896.jpg,Negative,Non-Sarcastic,Non-Vulgar,Non-Abusive,Individual
Gujarati_image_848.jpg,Negative,Non-Sarcastic,Non-Vulgar,Abusive,Individual
Gujarati_image_1638.jpg,Negative,Non-Sarcastic,Non-Vulgar,Non-Abusive,Individual
Gujarati_image_1621.jpg,Neutral,Non-Sarcastic,Non-Vulgar,Non-Abusive,Individual
Gujarati_image_1250.jpg,Neutral,Non-Sarcastic,Non-Vulgar,Abusive,Individual
Gujarati_image_1595.jpg,Neutral,Non-Sarcastic,Non-Vulgar,Abusive,Individual
Gujarati_image_1569.jpg,Negative,Non-Sarcastic,Non-Vulgar,Abusive,Individual
Gujarati_image_1358.jpg,Negative,Sarcastic,Non-Vulgar,Non-Abusive,Individual
Gujarati_image_1339.jpg,Negative,Sarcastic,Non-Vulgar,Abusive,Individual
Gujarati_image_1603.jpg,Neutral,Non-Sarcastic,Non-Vulgar,Non-Abusive,Individual
Gujarati_image_1529.jpg,Negative,Sarcastic,Non-Vulgar,Non-Abusive,Individual
Gujarati_image_1484.jpg,Negative,Non-Sarcastic,Non-Vulgar,Abusive,
Gujarati_image_1265.jpg,Negative,Sarcastic,Non-Vulgar,Abusive,Individual
Gujarati_image_1631.jpg,Neutral,Non-Sarcastic,Non-Vulgar,Non-Abusive,Individual
Gujarati_image_325.jpg,Negative,Non-Sarcastic,Non-Vulgar,Non-Abusive,Individual
Gujarati_image_1547.jpg,Negative,Non-Sarcastic,Non-Vulgar,Non-Abusive,Individual
Gujarati_image_1152.jpg,Negative,Sarcastic,Non-Vulgar,Abusive,Individual
Gujarati_image_1609.jpg,Neutral,Sarcastic,Non-Vulgar,Non-Abusive,Individual
Gujarati_image_1580.jpg,Negative,Non-Sarcastic,Non-Vulgar,Non-Abusive,Individual
Gujarati_image_1568.jpg,Negative,Non-Sarcastic,Non-Vulgar,Non-Abusive,Individual
Gujarati_image_1610.jpg,Neutral,Non-Sarcastic,Non-Vulgar,Non-Abusive,Individual
Gujarati_image_1186.jpg,Neutral,Non-Sarcastic,Non-Vulgar,Non-Abusive,Individual
Gujarati_image_1614.jpg,Negative,Non-Sarcastic,Non-Vulgar,Non-Abusive,Individual
Gujarati_image_1571.jpg,Negative,Non-Sarcastic,Non-Vulgar,Non-Abusive,Individual
Gujarati_image_1591.jpg,Negative,Sarcastic,Non-Vulgar,Non-Abusive,Individual
Gujarati_image_1608.jpg,Negative,Non-Sarcastic,Non-Vulgar,Non-Abusive,Individual
Gujarati_image_1449.jpg,Negative,Non-Sarcastic,Non-Vulgar,Non-Abusive,Individual
Gujarati_image_1579.jpg,Negative,Non-Sarcastic,Non-Vulgar,Non-Abusive,Individual
Gujarati_image_1573.jpg,Negative,Non-Sarcastic,Vulgar,Non-Abusive,Individual
Gujarati_image_1575.jpg,Negative,Sarcastic,Non-Vulgar,Abusive,Individual
Gujarati_image_1565.jpg,Negative,Sarcastic,Non-Vulgar,Non-Abusive,Individual
Gujarati_image_1008.jpg,Negative,Non-Sarcastic,Non-Vulgar,Non-Abusive,Individual
Gujarati_image_1600.jpg,Negative,Non-Sarcastic,Non-Vulgar,Abusive,Individual
Gujarati_image_1611.jpg,Negative,Sarcastic,Non-Vulgar,Non-Abusive,Individual
Gujarati_image_1189.jpg,Positive,Sarcastic,Non-Vulgar,Non-Abusive,
Gujarati_image_1596.jpg,Negative,Sarcastic,Non-Vulgar,Abusive,
Gujarati_image_1606.jpg,Negative,Sarcastic,Non-Vulgar,Abusive,Political
Gujarati_image_1327.jpg,Neutral,Sarcastic,Non-Vulgar,Non-Abusive,
Gujarati_image_1231.jpg,Negative,Sarcastic,Non-Vulgar,Non-Abusive,Individual
Gujarati_image_1373.jpg,Negative,Non-Sarcastic,Non-Vulgar,Non-Abusive,Individual
Gujarati_image_1302.jpg,Negative,Sarcastic,Non-Vulgar,Abusive,Individual
Gujarati_image_1620.jpg,Negative,Sarcastic,Non-Vulgar,Non-Abusive,
Gujarati_image_1639.jpg,Negative,Sarcastic,Non-Vulgar,Non-Abusive,
Gujarati_image_1619.jpg,Negative,Sarcastic,Non-Vulgar,Abusive,Individual
Gujarati_image_1540.jpg,Negative,Sarcastic,Non-Vulgar,Abusive,Individual
Gujarati_image_405.jpg,Negative,Non-Sarcastic,Non-Vulgar,Abusive,Individual
Gujarati_image_430.jpg,Negative,Non-Sarcastic,Non-Vulgar,Non-Abusive,Individual
Gujarati_image_1512.jpg,Negative,Sarcastic,Non-Vulgar,Abusive,
Gujarati_image_1267.jpg,Negative,Non-Sarcastic,Non-Vulgar,Abusive,Individual
Gujarati_image_1530.jpg,Negative,Sarcastic,Non-Vulgar,Non-Abusive,
Gujarati_image_269.jpg,Negative,Sarcastic,Non-Vulgar,Abusive,Individual
Gujarati_image_832.jpg,Neutral,Sarcastic,Non-Vulgar,Non-Abusive,Individual
Gujarati_image_1622.jpg,Neutral,Non-Sarcastic,Non-Vulgar,Non-Abusive,Individual
Gujarati_image_558.jpg,Negative,Non-Sarcastic,Non-Vulgar,Non-Abusive,
Gujarati_image_1139.jpg,Negative,Non-Sarcastic,Non-Vulgar,Abusive,Individual
Gujarati_image_1552.jpg,Negative,Non-Sarcastic,Non-Vulgar,Non-Abusive,Individual
Gujarati_image_226.jpg,Negative,Sarcastic,Non-Vulgar,Non-Abusive,Individual
Gujarati_image_336.jpg,Negative,Sarcastic,Non-Vulgar,Abusive,
Gujarati_image_59.jpg,Negative,Non-Sarcastic,Non-Vulgar,Non-Abusive,Individual
Gujarati_image_1566.jpg,Negative,Sarcastic,Non-Vulgar,Non-Abusive,
Gujarati_image_1143.jpg,Neutral,Sarcastic,Non-Vulgar,Non-Abusive,
Gujarati_image_1208.jpg,Negative,Non-Sarcastic,Non-Vulgar,Non-Abusive,Individual
Gujarati_image_1190.jpg,Negative,Non-Sarcastic,Non-Vulgar,Non-Abusive,Individual
Gujarati_image_455.jpg,Neutral,Non-Sarcastic,Non-Vulgar,Non-Abusive,Individual
Gujarati_image_472.jpg,Neutral,Sarcastic,Vulgar,Non-Abusive,National Origin
Gujarati_image_665.jpg,Neutral,Non-Sarcastic,Non-Vulgar,Abusive,Individual
Gujarati_image_1132.jpg,Neutral,Sarcastic,Non-Vulgar,Abusive,
Gujarati_image_30.jpg,Negative,Non-Sarcastic,Vulgar,Non-Abusive,
Gujarati_image_1020.jpg,Negative,Non-Sarcastic,Non-Vulgar,Non-Abusive,Individual
Gujarati_image_492.jpg,Negative,Sarcastic,Non-Vulgar,Non-Abusive,
Gujarati_image_237.jpg,Negative,Non-Sarcastic,Non-Vulgar,Non-Abusive,Individual
Gujarati_image_457.jpg,Negative,Non-Sarcastic,Non-Vulgar,Non-Abusive,Individual
Gujarati_image_331.jpg,Negative,Non-Sarcastic,Non-Vulgar,Abusive,
Gujarati_image_327.jpg,Negative,Sarcastic,Non-Vulgar,Non-Abusive,
Gujarati_image_954.jpg,Negative,Sarcastic,Non-Vulgar,Non-Abusive,
Gujarati_image_1032.jpg,Negative,Sarcastic,Non-Vulgar,Abusive,Individual
Gujarati_image_1229.jpg,Negative,Non-Sarcastic,Non-Vulgar,Non-Abusive,Individual
Gujarati_image_408.jpg,Negative,Sarcastic,Non-Vulgar,Abusive,Individual
Gujarati_image_535.jpg,Negative,Sarcastic,Non-Vulgar,Abusive,National Origin
Gujarati_image_396.jpg,Negative,Non-Sarcastic,Non-Vulgar,Non-Abusive,Individual
Gujarati_image_278.jpg,Neutral,Sarcastic,Non-Vulgar,Non-Abusive,
Gujarati_image_161.jpg,Negative,Non-Sarcastic,Non-Vulgar,Non-Abusive,Individual
Gujarati_image_432.jpg,Negative,Non-Sarcastic,Non-Vulgar,Non-Abusive,Individual
Gujarati_image_1572.jpg,Neutral,Sarcastic,Non-Vulgar,Non-Abusive,Individual
Gujarati_image_66.jpg,Negative,Non-Sarcastic,Non-Vulgar,Abusive,
Gujarati_image_411.jpg,Negative,Non-Sarcastic,Non-Vulgar,Non-Abusive,Individual
Gujarati_image_1023.jpg,Negative,Sarcastic,Non-Vulgar,Abusive,Individual
Gujarati_image_481.jpg,Positive,Sarcastic,Non-Vulgar,Non-Abusive,Individual
Gujarati_image_1224.jpg,Negative,Non-Sarcastic,Non-Vulgar,Non-Abusive,Individual
Gujarati_image_38.jpg,Negative,Non-Sarcastic,Non-Vulgar,Non-Abusive,Individual
Gujarati_image_397.jpg,Negative,Non-Sarcastic,Non-Vulgar,Non-Abusive,Individual
Gujarati_image_525.jpg,Positive,Non-Sarcastic,Non-Vulgar,Non-Abusive,Others
Gujarati_image_412.jpg,Neutral,Sarcastic,Non-Vulgar,Abusive,Individual
Gujarati_image_500.jpg,Neutral,Sarcastic,Non-Vulgar,Non-Abusive,Individual
Gujarati_image_417.jpg,Positive,Sarcastic,Non-Vulgar,Abusive,Individual
Gujarati_image_345.jpg,Neutral,Non-Sarcastic,Vulgar,Abusive,Individual
Gujarati_image_1503.jpg,Negative,Sarcastic,Non-Vulgar,Non-Abusive,Individual
Gujarati_image_1634.jpg,Positive,Sarcastic,Non-Vulgar,Non-Abusive,Individual
Gujarati_image_1635.jpg,Negative,Sarcastic,Non-Vulgar,Non-Abusive,Individual
Gujarati_image_433.jpg,Negative,Sarcastic,Non-Vulgar,Abusive,Individual
Gujarati_image_522.jpg,Negative,Sarcastic,Non-Vulgar,Non-Abusive,Individual
Gujarati_image_1340.jpg,Negative,Non-Sarcastic,Non-Vulgar,Abusive,Individual
Gujarati_image_1000.jpg,Neutral,Sarcastic,Non-Vulgar,Abusive,Individual
Gujarati_image_1127.jpg,Negative,Sarcastic,Non-Vulgar,Abusive,Individual
Gujarati_image_190.jpg,Negative,Sarcastic,Non-Vulgar,Abusive,Religion
Gujarati_image_252.jpg,Neutral,Non-Sarcastic,Non-Vulgar,Non-Abusive,Individual
Gujarati_image_1260.jpg,Negative,Non-Sarcastic,Non-Vulgar,Non-Abusive,Individual
Gujarati_image_1337.jpg,Negative,Sarcastic,Non-Vulgar,Abusive,Individual
Gujarati_image_429.jpg,Neutral,Sarcastic,Non-Vulgar,Abusive,Individual
Gujarati_image_722.jpg,Neutral,Sarcastic,Non-Vulgar,Abusive,Gender
Gujarati_image_74.jpg,Negative,Non-Sarcastic,Non-Vulgar,Non-Abusive,Individual
Gujarati_image_303.jpg,Negative,Sarcastic,Non-Vulgar,Abusive,Individual
Gujarati_image_453.jpg,Negative,Sarcastic,Non-Vulgar,Abusive,Individual
Gujarati_image_754.jpg,Neutral,Non-Sarcastic,Non-Vulgar,Abusive,Individual
Gujarati_image_401.jpg,Negative,Non-Sarcastic,Vulgar,Non-Abusive,Individual
Gujarati_image_1495.jpg,Neutral,Non-Sarcastic,Non-Vulgar,Abusive,Individual
Gujarati_image_16.jpg,Neutral,Sarcastic,Non-Vulgar,Abusive,Individual
Gujarati_image_1632.jpg,Negative,Sarcastic,Non-Vulgar,Abusive,Individual
Gujarati_image_37.jpg,Neutral,Sarcastic,Non-Vulgar,Abusive,Individual
Gujarati_image_200.jpg,Neutral,Non-Sarcastic,Non-Vulgar,Abusive,Individual
Gujarati_image_298.jpg,Negative,Sarcastic,Non-Vulgar,Abusive,Individual
Gujarati_image_262.jpg,Neutral,Sarcastic,Non-Vulgar,Abusive,Individual
Gujarati_image_14.jpg,Positive,Sarcastic,Non-Vulgar,Abusive,
Gujarati_image_1007.jpg,Negative,Non-Sarcastic,Non-Vulgar,Abusive,Individual
Gujarati_image_544.jpg,Negative,Sarcastic,Non-Vulgar,Abusive,Individual
Gujarati_image_1476.jpg,Negative,Sarcastic,Non-Vulgar,Abusive,Individual
Gujarati_image_1472.jpg,Neutral,Sarcastic,Non-Vulgar,Abusive,Individual
Gujarati_image_1562.jpg,Neutral,Sarcastic,Non-Vulgar,Abusive,Individual
Gujarati_image_29.jpg,Positive,Non-Sarcastic,Non-Vulgar,Abusive,Gender
Gujarati_image_428.jpg,Negative,Sarcastic,Non-Vulgar,Abusive,Individual
Gujarati_image_317.jpg,Neutral,Non-Sarcastic,Non-Vulgar,Abusive,Gender
Gujarati_image_243.jpg,Positive,Sarcastic,Non-Vulgar,Abusive,Individual
Gujarati_image_1014.jpg,Negative,Sarcastic,Non-Vulgar,Abusive,Individual
Gujarati_image_416.jpg,Negative,Non-Sarcastic,Non-Vulgar,Abusive,Individual
Gujarati_image_1163.jpg,Negative,Sarcastic,Non-Vulgar,Abusive,Individual
Gujarati_image_867.jpg,Negative,Non-Sarcastic,Non-Vulgar,Abusive,Individual
Gujarati_image_504.jpg,Negative,Non-Sarcastic,Non-Vulgar,Non-Abusive,Individual
Gujarati_image_958.jpg,Negative,Non-Sarcastic,Non-Vulgar,Non-Abusive,Individual
Gujarati_image_857.jpg,Neutral,Non-Sarcastic,Non-Vulgar,Non-Abusive,Individual
Gujarati_image_862.jpg,Negative,Sarcastic,Non-Vulgar,Abusive,Individual
Gujarati_image_1259.jpg,Negative,Sarcastic,Vulgar,Abusive,Individual
Gujarati_image_210.jpg,Positive,Non-Sarcastic,Non-Vulgar,Abusive,Political
Gujarati_image_448.jpg,Positive,Non-Sarcastic,Non-Vulgar,Abusive,Political
Gujarati_image_942.jpg,Negative,Non-Sarcastic,Non-Vulgar,Abusive,Individual
Gujarati_image_375.jpg,Neutral,Sarcastic,Non-Vulgar,Abusive,Individual
Gujarati_image_858.jpg,Neutral,Sarcastic,Non-Vulgar,Abusive,Gender
Gujarati_image_751.jpg,Negative,Sarcastic,Non-Vulgar,Abusive,Individual
Gujarati_image_850.jpg,Neutral,Sarcastic,Non-Vulgar,Abusive,Individual
Gujarati_image_872.jpg,Negative,Non-Sarcastic,Non-Vulgar,Abusive,Individual
Gujarati_image_919.jpg,Neutral,Sarcastic,Non-Vulgar,Abusive,Individual
Gujarati_image_594.jpg,Neutral,Sarcastic,Non-Vulgar,Abusive,Individual
Gujarati_image_1048.jpg,Neutral,Non-Sarcastic,Non-Vulgar,Non-Abusive,Individual
Gujarati_image_880.jpg,Negative,Non-Sarcastic,Non-Vulgar,Abusive,Individual
Gujarati_image_819.jpg,Positive,Non-Sarcastic,Non-Vulgar,Abusive,Individual
Gujarati_image_882.jpg,Negative,Non-Sarcastic,Non-Vulgar,Abusive,Individual
Gujarati_image_468.jpg,Negative,Non-Sarcastic,Non-Vulgar,Abusive,Individual
Gujarati_image_707.jpg,Negative,Non-Sarcastic,Non-Vulgar,Non-Abusive,Individual
Gujarati_image_684.jpg,Positive,Non-Sarcastic,Non-Vulgar,Abusive,Individual
Gujarati_image_894.jpg,Negative,Non-Sarcastic,Vulgar,Abusive,Gender
Gujarati_image_843.jpg,Positive,Sarcastic,Non-Vulgar,Abusive,Individual
Gujarati_image_793.jpg,Negative,Sarcastic,Vulgar,Non-Abusive,Gender
Gujarati_image_1226.jpg,Positive,Sarcastic,Non-Vulgar,Abusive,Individual
Gujarati_image_441.jpg,Neutral,Sarcastic,Vulgar,Non-Abusive,Gender
Gujarati_image_673.jpg,Neutral,Sarcastic,Non-Vulgar,Abusive,National Origin
Gujarati_image_916.jpg,Positive,Non-Sarcastic,Non-Vulgar,Abusive,Individual
Gujarati_image_177.jpg,Neutral,Sarcastic,Non-Vulgar,Abusive,Individual
Gujarati_image_596.jpg,Neutral,Sarcastic,Non-Vulgar,Abusive,Individual
Gujarati_image_573.jpg,Neutral,Sarcastic,Non-Vulgar,Non-Abusive,Individual
Gujarati_image_967.jpg,Negative,Non-Sarcastic,Non-Vulgar,Abusive,Individual
Gujarati_image_853.jpg,Positive,Sarcastic,Non-Vulgar,Abusive,
Gujarati_image_956.jpg,Negative,Non-Sarcastic,Non-Vulgar,Non-Abusive,Individual
Gujarati_image_650.jpg,Positive,Non-Sarcastic,Non-Vulgar,Abusive,Individual
Gujarati_image_1563.jpg,Neutral,Sarcastic,Vulgar,Abusive,National Origin
Gujarati_image_957.jpg,Positive,Non-Sarcastic,Non-Vulgar,Abusive,Gender
Gujarati_image_905.jpg,Negative,Sarcastic,Non-Vulgar,Non-Abusive,Individual
Gujarati_image_746.jpg,Positive,Non-Sarcastic,Non-Vulgar,Non-Abusive,Individual
Gujarati_image_593.jpg,Negative,Non-Sarcastic,Non-Vulgar,Non-Abusive,Individual
Gujarati_image_923.jpg,Negative,Non-Sarcastic,Non-Vulgar,Non-Abusive,Individual
Gujarati_image_773.jpg,Negative,Non-Sarcastic,Non-Vulgar,Non-Abusive,Individual
Gujarati_image_789.jpg,Negative,Sarcastic,Non-Vulgar,Abusive,Individual
Gujarati_image_511.jpg,Neutral,Non-Sarcastic,Non-Vulgar,Abusive,Gender
Gujarati_image_762.jpg,Negative,Non-Sarcastic,Non-Vulgar,Non-Abusive,Individual
Gujarati_image_443.jpg,Positive,Sarcastic,Non-Vulgar,Abusive,Individual
Gujarati_image_873.jpg,Negative,Sarcastic,Non-Vulgar,Abusive,Individual
Gujarati_image_608.jpg,Negative,Non-Sarcastic,Non-Vulgar,Non-Abusive,Individual
Gujarati_image_699.jpg,Negative,Non-Sarcastic,Non-Vulgar,Abusive,Individual
Gujarati_image_989.jpg,Negative,Non-Sarcastic,Non-Vulgar,Abusive,Individual
Gujarati_image_667.jpg,Negative,Sarcastic,Non-Vulgar,Abusive,Individual
Gujarati_image_864.jpg,Positive,Sarcastic,Non-Vulgar,Abusive,Political
Gujarati_image_197.jpg,Positive,Sarcastic,Non-Vulgar,Abusive,Individual
Gujarati_image_313.jpg,Neutral,Non-Sarcastic,Non-Vulgar,Abusive,Individual
Gujarati_image_380.jpg,Neutral,Sarcastic,Non-Vulgar,Abusive,National Origin
Gujarati_image_489.jpg,Negative,Non-Sarcastic,Non-Vulgar,Non-Abusive,Individual
Gujarati_image_586.jpg,Neutral,Sarcastic,Non-Vulgar,Abusive,Gender
Gujarati_image_685.jpg,Negative,Sarcastic,Non-Vulgar,Abusive,Gender
Gujarati_image_774.jpg,Positive,Sarcastic,Non-Vulgar,Abusive,Individual
Gujarati_image_914.jpg,Negative,Sarcastic,Non-Vulgar,Non-Abusive,Individual
Gujarati_image_493.jpg,Negative,Sarcastic,Non-Vulgar,Abusive,Political
Gujarati_image_600.jpg,Positive,Non-Sarcastic,Non-Vulgar,Non-Abusive,Individual
Gujarati_image_377.jpg,Negative,Non-Sarcastic,Non-Vulgar,Abusive,Individual
Gujarati_image_1515.jpg,Neutral,Sarcastic,Non-Vulgar,Abusive,Individual
Gujarati_image_822.jpg,Negative,Non-Sarcastic,Non-Vulgar,Non-Abusive,Individual
Gujarati_image_674.jpg,Negative,Non-Sarcastic,Non-Vulgar,Non-Abusive,Individual
Gujarati_image_474.jpg,Negative,Sarcastic,Non-Vulgar,Abusive,Individual
Gujarati_image_842.jpg,Negative,Sarcastic,Non-Vulgar,Abusive,Individual
Gujarati_image_797.jpg,Negative,Non-Sarcastic,Non-Vulgar,Abusive,Individual
Gujarati_image_1099.jpg,Positive,Non-Sarcastic,Non-Vulgar,Non-Abusive,Individual
Gujarati_image_826.jpg,Negative,Sarcastic,Non-Vulgar,Abusive,Individual
Gujarati_image_661.jpg,Neutral,Sarcastic,Non-Vulgar,Abusive,Individual
Gujarati_image_710.jpg,Negative,Non-Sarcastic,Non-Vulgar,Non-Abusive,Individual
Gujarati_image_635.jpg,Positive,Sarcastic,Non-Vulgar,Abusive,Individual
Gujarati_image_487.jpg,Positive,Sarcastic,Non-Vulgar,Abusive,Individual
Gujarati_image_790.jpg,Positive,Non-Sarcastic,Non-Vulgar,Non-Abusive,Individual
Gujarati_image_581.jpg,Positive,Sarcastic,Non-Vulgar,Abusive,Individual
Gujarati_image_766.jpg,Negative,Non-Sarcastic,Non-Vulgar,Abusive,Individual
Gujarati_image_663.jpg,Neutral,Non-Sarcastic,Non-Vulgar,Abusive,Individual
Gujarati_image_868.jpg,Positive,Non-Sarcastic,Non-Vulgar,Abusive,Individual
Gujarati_image_788.jpg,Positive,Non-Sarcastic,Non-Vulgar,Abusive,Individual
Gujarati_image_202.jpg,Neutral,Sarcastic,Non-Vulgar,Abusive,Individual
Gujarati_image_564.jpg,Positive,Sarcastic,Non-Vulgar,Abusive,Individual
Gujarati_image_103.jpg,Negative,Non-Sarcastic,Non-Vulgar,Abusive,Individual
Gujarati_image_302.jpg,Positive,Sarcastic,Non-Vulgar,Abusive,Gender
Gujarati_image_809.jpg,Negative,Sarcastic,Non-Vulgar,Abusive,Individual
Gujarati_image_730.jpg,Negative,Non-Sarcastic,Non-Vulgar,Non-Abusive,Individual
Gujarati_image_648.jpg,Neutral,Sarcastic,Non-Vulgar,Abusive,Individual
Gujarati_image_662.jpg,Neutral,Sarcastic,Non-Vulgar,Abusive,Individual
Gujarati_image_1212.jpg,Neutral,Sarcastic,Non-Vulgar,Abusive,Individual
Gujarati_image_959.jpg,Neutral,Sarcastic,Non-Vulgar,Abusive,Individual
Gujarati_image_924.jpg,Negative,Non-Sarcastic,Non-Vulgar,Abusive,Individual
Gujarati_image_1270.jpg,Negative,Non-Sarcastic,Non-Vulgar,Abusive,Individual
Gujarati_image_721.jpg,Negative,Non-Sarcastic,Non-Vulgar,Non-Abusive,Individual
Gujarati_image_877.jpg,Negative,Sarcastic,Non-Vulgar,Abusive,Individual
Gujarati_image_926.jpg,Negative,Sarcastic,Non-Vulgar,Abusive,Individual
Gujarati_image_824.jpg,Negative,Sarcastic,Non-Vulgar,Abusive,Individual
Gujarati_image_703.jpg,Negative,Non-Sarcastic,Non-Vulgar,Non-Abusive,Individual
Gujarati_image_550.jpg,Positive,Non-Sarcastic,Non-Vulgar,Abusive,Individual
Gujarati_image_715.jpg,Negative,Non-Sarcastic,Non-Vulgar,Non-Abusive,Individual
Gujarati_image_478.jpg,Neutral,Sarcastic,Non-Vulgar,Abusive,Individual
Gujarati_image_692.jpg,Negative,Non-Sarcastic,Non-Vulgar,Abusive,Individual
Gujarati_image_828.jpg,Neutral,Non-Sarcastic,Non-Vulgar,Abusive,Individual
Gujarati_image_749.jpg,Negative,Sarcastic,Non-Vulgar,Abusive,Individual
Gujarati_image_82.jpg,Neutral,Sarcastic,Non-Vulgar,Abusive,Individual
Gujarati_image_568.jpg,Neutral,Non-Sarcastic,Non-Vulgar,Abusive,Individual
Gujarati_image_482.jpg,Neutral,Non-Sarcastic,Non-Vulgar,Abusive,Individual
Gujarati_image_610.jpg,Neutral,Non-Sarcastic,Non-Vulgar,Abusive,Individual
Gujarati_image_311.jpg,Neutral,Non-Sarcastic,Non-Vulgar,Abusive,Individual
Gujarati_image_1557.jpg,Neutral,Sarcastic,Non-Vulgar,Abusive,Individual
Gujarati_image_513.jpg,Neutral,Non-Sarcastic,Non-Vulgar,Abusive,Individual
Gujarati_image_652.jpg,Negative,Sarcastic,Non-Vulgar,Abusive,Individual
Gujarati_image_778.jpg,Neutral,Non-Sarcastic,Non-Vulgar,Abusive,Individual
Gujarati_image_895.jpg,Neutral,Non-Sarcastic,Non-Vulgar,Abusive,Individual
Gujarati_image_836.jpg,Neutral,Non-Sarcastic,Non-Vulgar,Abusive,Individual
Gujarati_image_516.jpg,Negative,Non-Sarcastic,Non-Vulgar,Abusive,Individual
Gujarati_image_716.jpg,Neutral,Sarcastic,Non-Vulgar,Non-Abusive,Individual
Gujarati_image_490.jpg,Neutral,Non-Sarcastic,Non-Vulgar,Abusive,Individual
Gujarati_image_792.jpg,Negative,Non-Sarcastic,Non-Vulgar,Abusive,Individual
Gujarati_image_806.jpg,Neutral,Non-Sarcastic,Non-Vulgar,Abusive,Individual
Gujarati_image_745.jpg,Negative,Non-Sarcastic,Non-Vulgar,Abusive,Individual
Gujarati_image_750.jpg,Neutral,Sarcastic,Non-Vulgar,Abusive,Individual
Gujarati_image_515.jpg,Neutral,Sarcastic,Non-Vulgar,Abusive,Individual
Gujarati_image_523.jpg,Neutral,Non-Sarcastic,Non-Vulgar,Abusive,Individual
Gujarati_image_484.jpg,Neutral,Non-Sarcastic,Non-Vulgar,Abusive,Individual
Gujarati_image_521.jpg,Neutral,Sarcastic,Non-Vulgar,Abusive,Individual
Gujarati_image_700.jpg,Neutral,Sarcastic,Non-Vulgar,Abusive,Individual
Gujarati_image_575.jpg,Neutral,Non-Sarcastic,Non-Vulgar,Abusive,Individual
Gujarati_image_898.jpg,Negative,Non-Sarcastic,Non-Vulgar,Abusive,Individual
Gujarati_image_270.jpg,Neutral,Non-Sarcastic,Non-Vulgar,Abusive,Individual
Gujarati_image_639.jpg,Negative,Sarcastic,Non-Vulgar,Abusive,Individual
Gujarati_image_741.jpg,Neutral,Non-Sarcastic,Non-Vulgar,Abusive,Individual
Gujarati_image_820.jpg,Negative,Sarcastic,Non-Vulgar,Abusive,Individual
Gujarati_image_697.jpg,Negative,Non-Sarcastic,Vulgar,Abusive,Individual
Gujarati_image_785.jpg,Neutral,Non-Sarcastic,Non-Vulgar,Abusive,Individual
Gujarati_image_779.jpg,Negative,Non-Sarcastic,Non-Vulgar,Abusive,Individual
Gujarati_image_686.jpg,Neutral,Sarcastic,Non-Vulgar,Abusive,Individual
Gujarati_image_276.jpg,Negative,Non-Sarcastic,Non-Vulgar,Abusive,Individual
Gujarati_image_804.jpg,Neutral,Non-Sarcastic,Non-Vulgar,Abusive,Individual
Gujarati_image_935.jpg,Neutral,Non-Sarcastic,Non-Vulgar,Abusive,Individual
Gujarati_image_47.jpg,Neutral,Non-Sarcastic,Non-Vulgar,Abusive,Individual
Gujarati_image_854.jpg,Neutral,Non-Sarcastic,Non-Vulgar,Abusive,Individual
Gujarati_image_865.jpg,Neutral,Non-Sarcastic,Non-Vulgar,Abusive,Individual
Gujarati_image_940.jpg,Neutral,Non-Sarcastic,Non-Vulgar,Abusive,Individual
Gujarati_image_159.jpg,Neutral,Sarcastic,Non-Vulgar,Abusive,Individual
Gujarati_image_588.jpg,Negative,Sarcastic,Non-Vulgar,Abusive,Individual
Gujarati_image_160.jpg,Neutral,Sarcastic,Non-Vulgar,Abusive,Individual
Gujarati_image_434.jpg,Neutral,Sarcastic,Non-Vulgar,Abusive,Individual
Gujarati_image_938.jpg,Neutral,Non-Sarcastic,Non-Vulgar,Abusive,Individual
Gujarati_image_653.jpg,Negative,Non-Sarcastic,Non-Vulgar,Non-Abusive,Individual
Gujarati_image_714.jpg,Negative,Non-Sarcastic,Non-Vulgar,Abusive,Individual
Gujarati_image_1063.jpg,Neutral,Non-Sarcastic,Non-Vulgar,Abusive,Individual
Gujarati_image_713.jpg,Neutral,Non-Sarcastic,Non-Vulgar,Abusive,Individual
Gujarati_image_1385.jpg,Positive,Non-Sarcastic,Non-Vulgar,Abusive,Individual
Gujarati_image_909.jpg,Negative,Non-Sarcastic,Non-Vulgar,Abusive,Individual
Gujarati_image_815.jpg,Negative,Non-Sarcastic,Non-Vulgar,Abusive,Individual
Gujarati_image_718.jpg,Negative,Non-Sarcastic,Non-Vulgar,Abusive,Individual
Gujarati_image_1004.jpg,Neutral,Non-Sarcastic,Non-Vulgar,Abusive,Individual
Gujarati_image_711.jpg,Negative,Sarcastic,Non-Vulgar,Abusive,Individual
Gujarati_image_577.jpg,Negative,Non-Sarcastic,Non-Vulgar,Abusive,Individual
Gujarati_image_808.jpg,Neutral,Non-Sarcastic,Non-Vulgar,Abusive,Individual
Gujarati_image_689.jpg,Negative,Sarcastic,Vulgar,Abusive,Individual
Gujarati_image_767.jpg,Neutral,Non-Sarcastic,Non-Vulgar,Abusive,Individual
Gujarati_image_1421.jpg,Negative,Non-Sarcastic,Non-Vulgar,Abusive,Individual
Gujarati_image_1452.jpg,Neutral,Non-Sarcastic,Non-Vulgar,Abusive,Individual
Gujarati_image_1318.jpg,Negative,Sarcastic,Non-Vulgar,Abusive,Individual
Gujarati_image_1031.jpg,Neutral,Non-Sarcastic,Non-Vulgar,Abusive,Individual
Gujarati_image_1047.jpg,Negative,Non-Sarcastic,Non-Vulgar,Abusive,Individual
Gujarati_image_1325.jpg,Neutral,Sarcastic,Non-Vulgar,Abusive,Individual
Gujarati_image_13.jpg,Negative,Sarcastic,Non-Vulgar,Abusive,Individual
Gujarati_image_1124.jpg,Neutral,Non-Sarcastic,Non-Vulgar,Abusive,Individual
Gujarati_image_188.jpg,Neutral,Non-Sarcastic,Non-Vulgar,Abusive,Individual
Gujarati_image_1199.jpg,Neutral,Non-Sarcastic,Non-Vulgar,Abusive,Individual
Gujarati_image_1275.jpg,Neutral,Non-Sarcastic,Non-Vulgar,Abusive,Individual
Gujarati_image_1410.jpg,Neutral,Non-Sarcastic,Non-Vulgar,Abusive,Individual
Gujarati_image_1248.jpg,Neutral,Non-Sarcastic,Non-Vulgar,Abusive,Individual
Gujarati_image_1380.jpg,Neutral,Non-Sarcastic,Non-Vulgar,Abusive,Individual
Gujarati_image_1605.jpg,Neutral,Non-Sarcastic,Non-Vulgar,Abusive,Individual
Gujarati_image_1354.jpg,Negative,Non-Sarcastic,Non-Vulgar,Abusive,Individual
Gujarati_image_1296.jpg,Neutral,Non-Sarcastic,Non-Vulgar,Abusive,Individual
Gujarati_image_181.jpg,Negative,Non-Sarcastic,Non-Vulgar,Abusive,Individual
Gujarati_image_291.jpg,Negative,Sarcastic,Non-Vulgar,Abusive,Individual
Gujarati_image_1376.jpg,Negative,Sarcastic,Non-Vulgar,Abusive,Individual
Gujarati_image_1446.jpg,Neutral,Non-Sarcastic,Non-Vulgar,Abusive,Individual
Gujarati_image_1335.jpg,Negative,Sarcastic,Non-Vulgar,Abusive,Individual
Gujarati_image_991.jpg,Negative,Non-Sarcastic,Non-Vulgar,Abusive,Individual
Gujarati_image_1182.jpg,Negative,Sarcastic,Non-Vulgar,Abusive,Individual
Gujarati_image_98.jpg,Neutral,Sarcastic,Non-Vulgar,Abusive,Individual
Gujarati_image_319.jpg,Neutral,Non-Sarcastic,Non-Vulgar,Abusive,Individual
Gujarati_image_1434.jpg,Neutral,Non-Sarcastic,Non-Vulgar,Abusive,Individual
Gujarati_image_1367.jpg,Neutral,Non-Sarcastic,Non-Vulgar,Abusive,Individual
Gujarati_image_1344.jpg,Neutral,Non-Sarcastic,Non-Vulgar,Abusive,Individual
Gujarati_image_1428.jpg,Negative,Sarcastic,Non-Vulgar,Abusive,Political
Gujarati_image_113.jpg,Neutral,Non-Sarcastic,Non-Vulgar,Abusive,Individual
Gujarati_image_1360.jpg,Neutral,Non-Sarcastic,Non-Vulgar,Abusive,Individual
Gujarati_image_1057.jpg,Negative,Sarcastic,Non-Vulgar,Non-Abusive,Individual
Gujarati_image_1286.jpg,Negative,Non-Sarcastic,Non-Vulgar,Abusive,Individual
Gujarati_image_1129.jpg,Negative,Sarcastic,Non-Vulgar,Abusive,Individual
Gujarati_image_1285.jpg,Negative,Sarcastic,Non-Vulgar,Abusive,Individual
Gujarati_image_1425.jpg,Negative,Non-Sarcastic,Non-Vulgar,Abusive,Individual
Gujarati_image_1244.jpg,Negative,Non-Sarcastic,Non-Vulgar,Abusive,Individual
Gujarati_image_1417.jpg,Neutral,Non-Sarcastic,Non-Vulgar,Abusive,Individual
Gujarati_image_1435.jpg,Negative,Non-Sarcastic,Non-Vulgar,Abusive,Individual
Gujarati_image_1200.jpg,Negative,Non-Sarcastic,Non-Vulgar,Abusive,Individual
Gujarati_image_1356.jpg,Neutral,Sarcastic,Non-Vulgar,Abusive,Individual
Gujarati_image_339.jpg,Negative,Sarcastic,Vulgar,Abusive,Individual
Gujarati_image_1379.jpg,Neutral,Non-Sarcastic,Non-Vulgar,Abusive,Individual
Gujarati_image_1375.jpg,Neutral,Non-Sarcastic,Non-Vulgar,Abusive,Individual
Gujarati_image_1276.jpg,Negative,Non-Sarcastic,Non-Vulgar,Non-Abusive,Individual
Gujarati_image_1183.jpg,Neutral,Sarcastic,Non-Vulgar,Abusive,Individual
Gujarati_image_988.jpg,Neutral,Non-Sarcastic,Non-Vulgar,Abusive,
Gujarati_image_265.jpg,Negative,Sarcastic,Non-Vulgar,Abusive,
Gujarati_image_1309.jpg,Negative,Non-Sarcastic,Vulgar,Abusive,Individual
Gujarati_image_187.jpg,Neutral,Non-Sarcastic,Non-Vulgar,Abusive,Individual
Gujarati_image_1049.jpg,Neutral,Non-Sarcastic,Non-Vulgar,Abusive,Individual
Gujarati_image_1107.jpg,Neutral,Non-Sarcastic,Non-Vulgar,Abusive,Individual
Gujarati_image_1215.jpg,Neutral,Non-Sarcastic,Non-Vulgar,Abusive,Individual
Gujarati_image_1363.jpg,Neutral,Non-Sarcastic,Non-Vulgar,Abusive,Individual
Gujarati_image_1006.jpg,Neutral,Non-Sarcastic,Non-Vulgar,Non-Abusive,Individual
Gujarati_image_1039.jpg,Negative,Sarcastic,Non-Vulgar,Abusive,Individual
Gujarati_image_1194.jpg,Positive,Sarcastic,Non-Vulgar,Abusive,Individual
Gujarati_image_1243.jpg,Neutral,Non-Sarcastic,Non-Vulgar,Abusive,Individual
Gujarati_image_1136.jpg,Negative,Non-Sarcastic,Non-Vulgar,Abusive,Individual
Gujarati_image_353.jpg,Neutral,Non-Sarcastic,Non-Vulgar,Non-Abusive,Individual
Gujarati_image_1369.jpg,Negative,Sarcastic,Non-Vulgar,Abusive,Individual
Gujarati_image_1015.jpg,Negative,Non-Sarcastic,Non-Vulgar,Abusive,Individual
Gujarati_image_166.jpg,Negative,Non-Sarcastic,Non-Vulgar,Non-Abusive,Individual
Gujarati_image_1165.jpg,Negative,Non-Sarcastic,Non-Vulgar,Non-Abusive,Individual
Gujarati_image_1245.jpg,Neutral,Sarcastic,Non-Vulgar,Abusive,Individual
Gujarati_image_1393.jpg,Neutral,Sarcastic,Non-Vulgar,Abusive,Individual
Gujarati_image_1423.jpg,Neutral,Sarcastic,Non-Vulgar,Abusive,Individual
Gujarati_image_5.jpg,Neutral,Sarcastic,Non-Vulgar,Abusive,Individual
Gujarati_image_146.jpg,Negative,Non-Sarcastic,Non-Vulgar,Non-Abusive,Individual
Gujarati_image_295.jpg,Neutral,Sarcastic,Non-Vulgar,Abusive,Individual
Gujarati_image_1181.jpg,Neutral,Non-Sarcastic,Non-Vulgar,Abusive,Individual
Gujarati_image_1602.jpg,Positive,Non-Sarcastic,Non-Vulgar,Abusive,Individual
Gujarati_image_1408.jpg,Neutral,Sarcastic,Non-Vulgar,Abusive,Individual
Gujarati_image_1364.jpg,Neutral,Non-Sarcastic,Non-Vulgar,Abusive,Individual
Gujarati_image_1119.jpg,Neutral,Non-Sarcastic,Non-Vulgar,Abusive,Individual
Gujarati_image_69.jpg,Negative,Non-Sarcastic,Non-Vulgar,Abusive,Individual
Gujarati_image_1104.jpg,Negative,Sarcastic,Non-Vulgar,Abusive,Individual
Gujarati_image_1460.jpg,Negative,Non-Sarcastic,Non-Vulgar,Abusive,Individual
Gujarati_image_980.jpg,Negative,Sarcastic,Non-Vulgar,Non-Abusive,Individual
Gujarati_image_360.jpg,Neutral,Non-Sarcastic,Non-Vulgar,Abusive,Individual
Gujarati_image_126.jpg,Neutral,Non-Sarcastic,Non-Vulgar,Abusive,Individual
Gujarati_image_1333.jpg,Neutral,Non-Sarcastic,Non-Vulgar,Abusive,Individual
Gujarati_image_1328.jpg,Negative,Non-Sarcastic,Non-Vulgar,Abusive,Individual
Gujarati_image_1096.jpg,Neutral,Non-Sarcastic,Non-Vulgar,Abusive,Individual
Gujarati_image_1166.jpg,Negative,Non-Sarcastic,Non-Vulgar,Abusive,Individual
Gujarati_image_1383.jpg,Neutral,Non-Sarcastic,Non-Vulgar,Abusive,Individual
Gujarati_image_1115.jpg,Neutral,Non-Sarcastic,Non-Vulgar,Abusive,Individual
Gujarati_image_156.jpg,Negative,Sarcastic,Non-Vulgar,Abusive,Individual
Gujarati_image_290.jpg,Positive,Non-Sarcastic,Non-Vulgar,Abusive,Individual
Gujarati_image_78.jpg,Negative,Non-Sarcastic,Non-Vulgar,Abusive,Individual
Gujarati_image_930.jpg,Negative,Non-Sarcastic,Non-Vulgar,Abusive,Individual
Gujarati_image_1034.jpg,Negative,Sarcastic,Non-Vulgar,Abusive,Individual
Gujarati_image_1283.jpg,Negative,Non-Sarcastic,Non-Vulgar,Abusive,Individual
Gujarati_image_392.jpg,Neutral,Non-Sarcastic,Non-Vulgar,Abusive,Individual
Gujarati_image_1381.jpg,Neutral,Non-Sarcastic,Non-Vulgar,Abusive,Individual
Gujarati_image_1118.jpg,Neutral,Sarcastic,Non-Vulgar,Abusive,Individual
Gujarati_image_1282.jpg,Negative,Non-Sarcastic,Non-Vulgar,Abusive,Individual
Gujarati_image_2.jpg,Negative,Non-Sarcastic,Vulgar,Abusive,Individual
Gujarati_image_1298.jpg,Neutral,Non-Sarcastic,Non-Vulgar,Abusive,National Origin
Gujarati_image_1312.jpg,Negative,Non-Sarcastic,Non-Vulgar,Abusive,Individual
Gujarati_image_1242.jpg,Positive,Non-Sarcastic,Non-Vulgar,Abusive,Individual
Gujarati_image_1297.jpg,Neutral,Non-Sarcastic,Non-Vulgar,Abusive,Individual
Gujarati_image_199.jpg,Negative,Non-Sarcastic,Non-Vulgar,Non-Abusive,Individual
Gujarati_image_1412.jpg,Negative,Non-Sarcastic,Non-Vulgar,Abusive,Individual
Gujarati_image_1159.jpg,Neutral,Sarcastic,Non-Vulgar,Abusive,Individual
Gujarati_image_1052.jpg,Neutral,Sarcastic,Non-Vulgar,Abusive,Gender
Gujarati_image_79.jpg,Neutral,Non-Sarcastic,Non-Vulgar,Abusive,Individual
Gujarati_image_138.jpg,Neutral,Sarcastic,Non-Vulgar,Abusive,Individual
Gujarati_image_1300.jpg,Negative,Sarcastic,Non-Vulgar,Non-Abusive,Individual
Gujarati_image_1409.jpg,Neutral,Non-Sarcastic,Non-Vulgar,Abusive,Individual
Gujarati_image_1252.jpg,Neutral,Non-Sarcastic,Non-Vulgar,Abusive,Individual
Gujarati_image_1400.jpg,Neutral,Non-Sarcastic,Non-Vulgar,Abusive,Individual
Gujarati_image_389.jpg,Neutral,Non-Sarcastic,Non-Vulgar,Abusive,Individual
Gujarati_image_1177.jpg,Negative,Sarcastic,Non-Vulgar,Abusive,Individual
Gujarati_image_1555.jpg,Neutral,Non-Sarcastic,Non-Vulgar,Abusive,Individual
Gujarati_image_124.jpg,Negative,Non-Sarcastic,Non-Vulgar,Abusive,Individual
Gujarati_image_986.jpg,Neutral,Sarcastic,Non-Vulgar,Abusive,Individual
Gujarati_image_97.jpg,Neutral,Sarcastic,Non-Vulgar,Abusive,Individual
Gujarati_image_1295.jpg,Negative,Sarcastic,Non-Vulgar,Abusive,Individual
Gujarati_image_1109.jpg,Negative,Non-Sarcastic,Non-Vulgar,Abusive,Individual
Gujarati_image_329.jpg,Negative,Sarcastic,Non-Vulgar,Abusive,Individual
Gujarati_image_77.jpg,Negative,Sarcastic,Non-Vulgar,Abusive,Individual
Gujarati_image_1570.jpg,Negative,Sarcastic,Non-Vulgar,Abusive,Individual
Gujarati_image_1419.jpg,Negative,Non-Sarcastic,Non-Vulgar,Abusive,Individual
Gujarati_image_1372.jpg,Negative,Non-Sarcastic,Non-Vulgar,Abusive,Individual
Gujarati_image_203.jpg,Negative,Non-Sarcastic,Non-Vulgar,Abusive,National Origin
Gujarati_image_1407.jpg,Neutral,Non-Sarcastic,Non-Vulgar,Abusive,Individual
Gujarati_image_1293.jpg,Negative,Non-Sarcastic,Non-Vulgar,Abusive,Individual
Gujarati_image_117.jpg,Negative,Sarcastic,Non-Vulgar,Abusive,Individual
Gujarati_image_1352.jpg,Negative,Sarcastic,Non-Vulgar,Abusive,Individual
Gujarati_image_1432.jpg,Negative,Sarcastic,Non-Vulgar,Abusive,Political
Gujarati_image_1092.jpg,Negative,Non-Sarcastic,Non-Vulgar,Non-Abusive,Individual
Gujarati_image_1251.jpg,Negative,Sarcastic,Non-Vulgar,Abusive,Individual
Gujarati_image_1201.jpg,Negative,Non-Sarcastic,Non-Vulgar,Non-Abusive,Political
Gujarati_image_1206.jpg,Positive,Non-Sarcastic,Non-Vulgar,Abusive,Individual
Gujarati_image_1301.jpg,Negative,Non-Sarcastic,Non-Vulgar,Non-Abusive,Individual
Gujarati_image_1187.jpg,Neutral,Sarcastic,Non-Vulgar,Abusive,Individual
Gujarati_image_116.jpg,Positive,Non-Sarcastic,Non-Vulgar,Abusive,Individual
Gujarati_image_1403.jpg,Negative,Sarcastic,Non-Vulgar,Abusive,Individual
Gujarati_image_543.jpg,Negative,Non-Sarcastic,Non-Vulgar,Abusive,Individual
Gujarati_image_4.jpg,Negative,Non-Sarcastic,Non-Vulgar,Non-Abusive,Individual
Gujarati_image_304.jpg,Positive,Non-Sarcastic,Non-Vulgar,Abusive,National Origin
Gujarati_image_11.jpg,Neutral,Sarcastic,Non-Vulgar,Abusive,National Origin
Gujarati_image_442.jpg,Positive,Non-Sarcastic,Non-Vulgar,Abusive,Individual
Gujarati_image_974.jpg,Negative,Non-Sarcastic,Non-Vulgar,Abusive,Individual
Gujarati_image_165.jpg,Neutral,Non-Sarcastic,Non-Vulgar,Abusive,Individual
Gujarati_image_636.jpg,Positive,Sarcastic,Non-Vulgar,Abusive,Individual
Gujarati_image_363.jpg,Negative,Non-Sarcastic,Non-Vulgar,Non-Abusive,Individual
Gujarati_image_307.jpg,Neutral,Sarcastic,Non-Vulgar,Abusive,National Origin
Gujarati_image_239.jpg,Neutral,Sarcastic,Vulgar,Abusive,National Origin
Gujarati_image_833.jpg,Neutral,Sarcastic,Non-Vulgar,Abusive,National Origin
Gujarati_image_402.jpg,Negative,Sarcastic,Non-Vulgar,Abusive,Others
Gujarati_image_755.jpg,Neutral,Sarcastic,Non-Vulgar,Abusive,National Origin
Gujarati_image_152.jpg,Negative,Sarcastic,Non-Vulgar,Non-Abusive,
Gujarati_image_355.jpg,Neutral,Sarcastic,Non-Vulgar,Abusive,National Origin
Gujarati_image_732.jpg,Neutral,Sarcastic,Non-Vulgar,Abusive,Individual
Gujarati_image_910.jpg,Neutral,Sarcastic,Non-Vulgar,Abusive,National Origin
Gujarati_image_925.jpg,Negative,Non-Sarcastic,Non-Vulgar,Abusive,National Origin
Gujarati_image_533.jpg,Neutral,Sarcastic,Non-Vulgar,Abusive,National Origin
Gujarati_image_816.jpg,Positive,Sarcastic,Non-Vulgar,Non-Abusive,Individual
Gujarati_image_728.jpg,Negative,Non-Sarcastic,Non-Vulgar,Abusive,National Origin
Gujarati_image_89.jpg,Negative,Non-Sarcastic,Non-Vulgar,Non-Abusive,Individual
Gujarati_image_56.jpg,Negative,Non-Sarcastic,Non-Vulgar,Non-Abusive,Individual
Gujarati_image_1056.jpg,Negative,Non-Sarcastic,Non-Vulgar,Abusive,Others
Gujarati_image_724.jpg,Neutral,Non-Sarcastic,Non-Vulgar,Non-Abusive,National Origin
Gujarati_image_530.jpg,Negative,Non-Sarcastic,Non-Vulgar,Non-Abusive,Individual
Gujarati_image_216.jpg,Neutral,Sarcastic,Non-Vulgar,Abusive,
Gujarati_image_664.jpg,Negative,Non-Sarcastic,Non-Vulgar,Non-Abusive,Individual
Gujarati_image_54.jpg,Neutral,Non-Sarcastic,Non-Vulgar,Abusive,Gender
Gujarati_image_249.jpg,Negative,Sarcastic,Non-Vulgar,Abusive,Individual
Gujarati_image_633.jpg,Positive,Sarcastic,Non-Vulgar,Abusive,
Gujarati_image_1481.jpg,Neutral,Sarcastic,Non-Vulgar,Non-Abusive,
Gujarati_image_43.jpg,Negative,Non-Sarcastic,Non-Vulgar,Non-Abusive,Individual
Gujarati_image_84.jpg,Negative,Sarcastic,Non-Vulgar,Non-Abusive,Individual
Gujarati_image_280.jpg,Negative,Sarcastic,Non-Vulgar,Abusive,Individual
Gujarati_image_830.jpg,Negative,Sarcastic,Non-Vulgar,Non-Abusive,Individual
Gujarati_image_346.jpg,Neutral,Non-Sarcastic,Non-Vulgar,Abusive,
Gujarati_image_261.jpg,Negative,Sarcastic,Non-Vulgar,Abusive,Individual
Gujarati_image_427.jpg,Negative,Sarcastic,Non-Vulgar,Abusive,
Gujarati_image_1011.jpg,Neutral,Sarcastic,Non-Vulgar,Abusive,
Gujarati_image_1133.jpg,Negative,Non-Sarcastic,Non-Vulgar,Abusive,
Gujarati_image_444.jpg,Neutral,Non-Sarcastic,Non-Vulgar,Abusive,Individual
Gujarati_image_281.jpg,Negative,Sarcastic,Non-Vulgar,Abusive,Individual
Gujarati_image_425.jpg,Positive,Non-Sarcastic,Non-Vulgar,Non-Abusive,Individual
Gujarati_image_571.jpg,Negative,Sarcastic,Non-Vulgar,Non-Abusive,Individual
Gujarati_image_240.jpg,Negative,Non-Sarcastic,Non-Vulgar,Non-Abusive,Individual
Gujarati_image_834.jpg,Negative,Sarcastic,Non-Vulgar,Abusive,Individual
Gujarati_image_222.jpg,Negative,Non-Sarcastic,Non-Vulgar,Abusive,Individual
Gujarati_image_1466.jpg,Negative,Non-Sarcastic,Non-Vulgar,Non-Abusive,Individual
Gujarati_image_255.jpg,Negative,Sarcastic,Non-Vulgar,Non-Abusive,Individual
Gujarati_image_25.jpg,Negative,Sarcastic,Non-Vulgar,Abusive,Individual
Gujarati_image_340.jpg,Negative,Non-Sarcastic,Non-Vulgar,Abusive,Individual
Gujarati_image_279.jpg,Negative,Non-Sarcastic,Non-Vulgar,Abusive,Individual
Gujarati_image_769.jpg,Negative,Non-Sarcastic,Non-Vulgar,Abusive,Individual
Gujarati_image_384.jpg,Negative,Non-Sarcastic,Non-Vulgar,Abusive,Individual
Gujarati_image_491.jpg,Negative,Sarcastic,Non-Vulgar,Abusive,Individual
Gujarati_image_578.jpg,Negative,Sarcastic,Non-Vulgar,Non-Abusive,Individual
Gujarati_image_75.jpg,Positive,Non-Sarcastic,Non-Vulgar,Abusive,Individual
Gujarati_image_527.jpg,Neutral,Sarcastic,Non-Vulgar,Abusive,Individual
Gujarati_image_547.jpg,Negative,Non-Sarcastic,Non-Vulgar,Non-Abusive,Individual
Gujarati_image_424.jpg,Positive,Sarcastic,Non-Vulgar,Abusive,Individual
Gujarati_image_151.jpg,Negative,Non-Sarcastic,Non-Vulgar,Non-Abusive,Individual
Gujarati_image_851.jpg,Negative,Non-Sarcastic,Non-Vulgar,Non-Abusive,Individual
Gujarati_image_253.jpg,Negative,Non-Sarcastic,Non-Vulgar,Non-Abusive,Individual
Gujarati_image_343.jpg,Neutral,Non-Sarcastic,Non-Vulgar,Abusive,Individual
Gujarati_image_35.jpg,Negative,Non-Sarcastic,Non-Vulgar,Non-Abusive,
Gujarati_image_860.jpg,Negative,Sarcastic,Non-Vulgar,Abusive,Individual
Gujarati_image_945.jpg,Neutral,Sarcastic,Non-Vulgar,Abusive,
Gujarati_image_743.jpg,Neutral,Non-Sarcastic,Non-Vulgar,Abusive,Individual
Gujarati_image_1005.jpg,Negative,Non-Sarcastic,Non-Vulgar,Non-Abusive,
Gujarati_image_900.jpg,Positive,Non-Sarcastic,Non-Vulgar,Abusive,Individual
Gujarati_image_385.jpg,Neutral,Non-Sarcastic,Non-Vulgar,Abusive,Individual
Gujarati_image_638.jpg,Negative,Non-Sarcastic,Non-Vulgar,Abusive,Individual
Gujarati_image_1040.jpg,Positive,Sarcastic,Non-Vulgar,Abusive,Individual
Gujarati_image_1315.jpg,Negative,Non-Sarcastic,Non-Vulgar,Non-Abusive,Individual
Gujarati_image_382.jpg,Negative,Non-Sarcastic,Non-Vulgar,Non-Abusive,Individual
Gujarati_image_315.jpg,Positive,Non-Sarcastic,Non-Vulgar,Abusive,Individual
Gujarati_image_1368.jpg,Negative,Sarcastic,Vulgar,Abusive,Individual
Gujarati_image_476.jpg,Neutral,Sarcastic,Non-Vulgar,Abusive,
Gujarati_image_259.jpg,Neutral,Sarcastic,Non-Vulgar,Non-Abusive,Individual
Gujarati_image_236.jpg,Negative,Sarcastic,Non-Vulgar,Abusive,
Gujarati_image_570.jpg,Negative,Non-Sarcastic,Non-Vulgar,Abusive,National Origin
Gujarati_image_244.jpg,Positive,Non-Sarcastic,Non-Vulgar,Abusive,
Gujarati_image_130.jpg,Negative,Non-Sarcastic,Non-Vulgar,Abusive,Political
Gujarati_image_395.jpg,Negative,Non-Sarcastic,Non-Vulgar,Non-Abusive,Individual
Gujarati_image_139.jpg,Negative,Non-Sarcastic,Non-Vulgar,Abusive,Individual
Gujarati_image_299.jpg,Negative,Non-Sarcastic,Non-Vulgar,Non-Abusive,Individual
Gujarati_image_1149.jpg,Negative,Non-Sarcastic,Non-Vulgar,Non-Abusive,Individual
Gujarati_image_572.jpg,Negative,Sarcastic,Non-Vulgar,Abusive,Individual
Gujarati_image_1013.jpg,Negative,Non-Sarcastic,Non-Vulgar,Abusive,
Gujarati_image_1291.jpg,Negative,Sarcastic,Non-Vulgar,Non-Abusive,Individual
Gujarati_image_1001.jpg,Negative,Non-Sarcastic,Non-Vulgar,Non-Abusive,Individual
Gujarati_image_1585.jpg,Neutral,Sarcastic,Non-Vulgar,Abusive,
Gujarati_image_1088.jpg,Neutral,Sarcastic,Non-Vulgar,Abusive,
Gujarati_image_1071.jpg,Negative,Non-Sarcastic,Non-Vulgar,Non-Abusive,Individual
Gujarati_image_1018.jpg,Negative,Sarcastic,Non-Vulgar,Abusive,Individual
Gujarati_image_1237.jpg,Positive,Non-Sarcastic,Non-Vulgar,Abusive,
Gujarati_image_997.jpg,Negative,Sarcastic,Non-Vulgar,Abusive,Individual
Gujarati_image_378.jpg,Negative,Non-Sarcastic,Non-Vulgar,Abusive,Political
Gujarati_image_1070.jpg,Neutral,Non-Sarcastic,Non-Vulgar,Abusive,Individual
Gujarati_image_671.jpg,Negative,Non-Sarcastic,Non-Vulgar,Abusive,Individual
Gujarati_image_1038.jpg,Positive,Sarcastic,Non-Vulgar,Abusive,Individual
